month,day,count,mean,std,min,10%,20%,30%,33.3%,40%,50%,60%,66.6%,70%,80%,90%,max
1,1,17.0,712.8624125308825,98.90635968933287,551.7791647400004,563.1913554719998,603.3454880920004,683.7015884599999,694.7951232351998,705.74450548,721.4658927700008,753.4629289400002,771.9205434552,780.48985248,815.93457416,824.2353159600002,825.7536897999997
1,2,17.0,715.2851311132354,98.80863593233184,558.0890038649995,566.3583670220002,609.4235685320004,686.1451405799999,697.8520999247997,707.12443256,721.4435713700008,748.0097125200002,772.3945529983998,783.0460606799999,816.6678214,832.47687088,833.7439171999999
1,3,17.0,717.4631153838237,96.0754420367579,559.8898253649995,572.5930828220003,626.4468216920004,686.4814380599998,699.9398523127998,708.3534073000001,718.3131313700007,749.0552760800001,773.4160114848,784.2132315999999,811.8730224000003,829.84204768,843.6987612
1,4,17.0,722.7801700779413,92.56155400866304,561.1032613649995,591.4536500420002,637.0296828520005,693.53382826,708.431010608,714.4533644400002,722.6851303700007,756.9691078600001,780.9067855671999,785.6888233,807.7616096200004,831.4567062799999,851.4409252
1,5,17.0,726.415327289706,89.86926572290896,564.3641606649995,598.6568858420002,636.5265534680007,700.7977559479999,718.547533632,727.4767883200002,730.6463314999999,763.9857812880002,783.7797322887999,786.5482682999998,802.8833242200003,825.8931741200001,854.6237912
1,6,17.0,727.854697896765,89.63387518938137,561.3894921649995,604.2638824900002,631.3860775480007,702.2045747479999,722.965017536,733.5379951200002,742.6308903700007,767.0398535599999,782.3020453423999,783.8475304799999,796.6073800000004,828.3384120800001,854.5326762000001
1,7,17.0,730.4893175908828,89.51236944821102,564.3303552649995,611.0337306400003,625.5510303480006,702.236221788,725.2474982319999,739.9947348400003,748.6143773700006,770.6997331799998,780.4357592567999,784.64520638,793.0412371,826.2642698600001,863.8495355000001
1,8,17.0,733.7164915167649,90.052272217592,565.7986879649995,614.1243600440005,626.0280540280005,711.589267868,731.6007166384,741.7446318680004,760.5277548000006,772.9962406999998,781.1117826568,784.3650100199999,787.2159767400005,831.2631151400001,872.4309620000001
1,9,17.0,732.6942219226473,90.69275974609565,568.0988440649995,602.7828037040003,633.0588252080006,711.7853679279999,728.7473750543999,739.6367750680004,767.8900798999999,771.1948968800003,773.569007608,777.0222064799998,790.3946131200005,829.9410449400001,866.3449130000001
1,10,17.0,735.9602696579414,91.94384056329329,570.8040203649995,598.9216069240003,640.6029666080005,709.5647729279999,727.2504221904,746.4633077200001,757.4629523700006,772.6917870400002,782.61849892,787.6801361999998,796.5711763600005,839.7110086200001,865.7270047000001
1,11,17.0,738.2441430191178,91.18571990513941,575.7894577649995,597.9795638640004,646.9300812760006,709.652271276,728.2954974343999,748.8035370999999,761.1039127700005,774.9985592400003,778.7775358000001,783.3388582199998,809.6230875800005,836.5004258200001,867.8093917
1,12,17.0,742.1092199544119,91.16484750952394,582.6634972649995,597.1455682240004,656.7087468560005,708.0129124559999,725.7319250999998,755.2917009,768.8566462700005,774.9534384599999,777.8450691464003,784.7265365200005,815.3537418000001,838.0396811400003,873.5250099
1,13,17.0,746.5072055155883,90.74853660851556,590.4458893049996,599.2547484260003,665.3831958760006,713.468854276,728.4292732343998,757.5135097799998,773.1595193999998,775.9092327480002,780.3131939600003,786.9335340000005,818.16597736,846.5298847400004,875.8270971999999
1,14,17.0,750.9067629626471,89.27367779812101,593.7686625049996,604.9865244840005,679.7897058360005,718.9306068759998,732.9631989015998,759.0508712199999,776.9577153999998,781.2313922400002,783.7189590939204,788.1153836360004,824.1955711,851.7269995400004,876.2529699999999
1,15,17.0,752.6494701208824,90.35326158084368,598.2971581949996,602.8442929640004,681.2206020960006,720.831933616,730.6740313991999,752.5154375799999,777.6691239999998,784.6088127400002,789.5486176275205,795.0388182560005,824.7387888400001,858.9999361400003,876.5954879999998
1,16,17.0,754.2193310082355,89.898321128263,597.0373222000007,602.9200164179998,685.5322022960005,724.471707176,731.4176141879999,753.3648734599999,774.3771298999999,790.8634733000001,798.7912397715204,802.0498877960005,823.37818798,855.7464412000002,877.4881699999999
1,17,17.0,756.7086430282354,91.4244922293739,591.7567032000007,606.5840394759997,682.2851645200004,730.2764253040003,737.8140040561602,754.6055108199998,776.9982633999999,795.1024612600002,808.2210216979205,813.3245658360005,818.3782924200001,862.6007419800003,878.4601309999999
1,18,17.0,759.5707425558824,91.66454635052892,589.2395198000007,610.1285658979997,687.3643837200004,736.4950768240004,744.2856046521603,759.2678989599999,784.8824824,796.01539076,806.8508006064,813.0712184800001,819.9396073360006,867.6518161400002,879.7771241999999
1,19,17.0,762.2504154717648,92.55743195644055,591.8474798000008,612.8221855999997,687.9384830200004,741.2804761240004,748.9304036441603,762.2256779199997,786.9309052000003,798.80136326,804.7620962215999,808.6149484399998,822.9927860960006,876.4589057000003,882.3029016999999
1,20,17.0,763.6787084658823,92.69985381023366,587.5678094000008,618.4626199999997,688.0370647400005,743.4084556840004,752.8814161281603,767.63196866,787.7614343999999,795.31876844,806.0594216063997,813.0940172399999,823.9093664160005,878.4670913000002,883.3213711999999
1,21,17.0,768.054448242353,93.20534370161333,585.5259582000008,628.6403931399997,686.6052442800004,746.2257228240005,757.0404661265603,769.68351938,799.7825943999999,805.14959832,810.9013946127997,815.5671627599996,824.8857880160004,879.7404061000002,896.1041322
1,22,17.0,769.6441836482354,93.8988526252314,585.4099969000008,634.1306374999997,687.7908600400003,740.6485904240003,755.6586584305602,771.55948298,803.1256658000001,806.4446782199998,809.0488396439998,813.2233380739999,831.8541995140004,885.8346472800001,895.7200682
1,23,17.0,770.7120390776472,92.93850960095797,588.9147588000008,638.3879544799997,691.4044813400004,732.9749290840003,752.9730911409603,777.89423746,796.9647740999997,806.69354616,811.0850450287999,815.019885954,834.8105701140003,886.25305696,895.7359649000007
1,24,17.0,773.9033663717648,91.88147583947203,590.4432705000007,645.9604046799997,694.4533681200004,735.4353679440004,757.4526241233602,784.83032886,795.6260493000001,807.0197557799999,814.7428557127998,819.477458114,838.7863617940003,888.9345362399999,897.1615979000006
1,25,17.0,777.8594288776472,92.96507154871985,588.3533715000008,648.7968854399996,697.0502686200001,741.7046367640005,764.5910238385604,789.6614505400001,803.187352,814.8574392799999,816.8633616751999,819.4072871340001,838.0867657740004,890.3762171399999,912.4693752000006
1,26,17.0,782.7982052952942,92.1152445357565,592.8687060000008,655.7553266099997,697.65866802,747.6201048840005,769.1440437713603,797.4909935000001,803.2874545,821.0015961080003,824.1517307472,826.9792299,837.9905075000001,890.60542204,920.5311129000006
1,27,17.0,787.0784450482354,94.27970737403855,591.7717612000007,658.8914702099996,700.87676946,751.3633562440004,769.5712237777605,796.2185111000001,811.8783033999999,822.2325991420003,830.0471736056802,835.2445958199999,843.6849119800002,893.2248788399999,938.1593153000007
1,28,17.0,791.6241069717646,92.05737754610848,601.1312525000008,667.6597760099996,706.0471288599999,755.7206324440003,770.3514083305605,797.8068269600002,815.1413984,827.2427173020003,835.5526433848804,840.6744959400003,845.5791298599996,894.1392552399999,939.7168783000006
1,29,17.0,795.5739165011764,93.04130289014148,606.6713695000008,667.3494881899996,705.4386918,755.9177401840004,771.1622531409605,803.4187657400001,822.5279024,834.2676355800002,841.1941245907203,844.3659471960004,852.3017427399997,905.1224380199999,931.3747856000006
1,30,17.0,797.9036534541177,92.91390771616814,607.7088041000007,665.9005173899995,714.7634259399999,756.2416995240005,772.6735747305604,808.0438705600002,825.6920947,838.7099576200002,845.7100622840003,849.2400275740004,855.1194358139999,907.4164398799998,921.4386179000005
1,31,17.0,800.3243087070588,94.45966687869186,603.2852351000008,662.3301792899996,718.4289555160001,766.2200328760002,781.4281365896002,812.2146790200001,825.7351407,845.5033962800001,847.1647004112002,849.2612523600001,860.3799016160003,909.930006,917.2388847999999
2,1,17.0,803.7392028482354,94.57191653386944,602.3449026000009,661.5398463899996,731.99912,773.9736382240004,788.7290466945603,816.7928379800001,824.2094980999999,848.0622679000003,848.6635671848002,850.8045077740003,871.1918293739998,907.0111964,927.0977714999999
2,2,17.0,806.3517030423529,95.9420600881736,601.9693490000009,662.9887714299996,737.3390002,776.0222677840004,790.7071456953604,814.5505630800002,833.7074991,847.0921087800002,850.9334413496002,853.1014566140002,881.3863975739996,909.0454642600002,938.6561391999999
2,3,17.0,811.2982131599999,95.69006413899658,610.5077970000009,665.1604084099996,745.6995912,786.3792237440005,796.6001185033604,811.7612264000002,837.0589220000003,852.9546897600001,860.8789278000002,861.8556591340002,886.7691269739997,908.7828761400003,952.1117211999998
2,4,17.0,814.5934178129414,96.9919333469268,607.7231507000008,668.2426682099996,753.16548156,787.5580321840005,798.6857763161604,815.5755788400002,837.4480235000003,856.9116529420003,863.0502389416804,864.4565078000002,892.4399245999996,909.6830231400002,962.9603251999998
2,5,17.0,814.9766391658825,100.29013487100676,602.0270147000008,664.5463810099995,753.4780246399998,793.1189864640003,803.9561542121605,814.9267947600001,838.3938025000003,851.5311377420003,861.4566453944803,866.0801743400002,894.7255128999996,910.6578095400002,977.8645306999998
2,6,17.0,816.4447463364708,101.05073037281417,604.2083407000008,660.2024527699996,755.67805124,800.9340293040004,810.3408131737605,817.5051624000002,840.1464675000003,853.8938093820004,865.3143396424805,869.8697666200002,888.8311943799995,910.8874301600002,981.9814646999998
2,7,17.0,819.5273525011766,98.83573963602917,616.2839771000008,664.5371590999994,760.6218182,794.3324406000004,807.9982505702405,825.2723248480003,850.8295705000003,860.6355141820004,866.6872184424803,869.1892058200001,883.3794911799994,908.5844768400002,985.4567538999997
2,8,17.0,820.2779153482354,97.01220989664894,621.6998088000008,670.0702723999996,759.0440079599999,786.7691973200003,805.4190158512001,833.8598647520001,855.5492852,861.2916667600002,866.0672477035205,868.9041612760004,877.1040396199999,904.6071163800002,988.7599382999997
2,9,17.0,818.3415168070588,95.50347056022633,619.4149186000008,671.7585086199995,753.01148842,786.9392345800004,805.2996347552003,837.429101872,851.1383720000003,859.0677213600001,867.2881072975997,872.1821034339996,877.6229485540001,893.0638283800001,985.5039742999998
2,10,17.0,818.8216697423529,95.73246463834364,619.9235314000008,678.5305488199995,745.97125972,785.2251306800003,800.3516492288002,834.8961896000001,850.5733008800005,861.5074454800001,868.5410225407995,871.9022755999995,881.2249807200001,889.6322362020004,992.1142976999997
2,11,17.0,820.5676075364705,92.39632385357797,630.3793834000007,691.1573598799995,751.66756144,782.6814222400004,795.8272399008001,833.7555387999998,852.8990068800005,855.9900195800001,859.6136102184,863.5226500599999,883.17113382,896.6483571680003,988.8748426999997
2,12,17.0,824.071548342353,90.83891199634598,637.5529414000007,705.5607831999996,751.62303244,783.8651772400003,797.9097291008002,830.2993771999999,851.690231,854.4533397280004,866.2725040819203,875.01762938,892.2578953,905.9359814480003,979.3106276999997
2,13,17.0,824.363356242353,94.25320968191495,620.2187379000007,705.5981576439998,758.1948901679995,785.7329125200004,799.5303766376003,828.03957322,849.5886373000001,850.8900186880003,867.0787499315204,879.2569320200001,896.3742557,913.9469341220004,978.1988706999997
2,14,17.0,825.2112251835293,95.77692523502365,621.1940342000007,705.0411208439998,762.1834638479995,783.8191978000003,799.7649794136003,826.4934843799999,844.5896439,854.7446886880005,868.8560723715204,880.8530242000002,901.8740129199996,918.4211353620003,975.5635616999997
2,15,17.0,824.848228642353,96.23998164034097,617.5332302000007,707.5502655239998,763.1602487679995,781.6240428000003,796.3711683456002,822.6971306799999,845.6568142,856.5700317920002,872.6322838544002,882.7440982000003,904.9766640399996,918.3407577620003,970.9356706999997
2,16,17.0,824.9811172247058,94.44805621037008,611.2576752000008,712.0596710239998,771.4821491279995,783.2624177200004,793.3558959984002,817.9639220799997,849.0291628,855.2437006920002,875.2987836376003,886.7616300400003,903.0601254799997,915.4624990620002,961.2539930999997
2,17,17.0,825.2994431011766,93.80948206596472,606.8623523000008,721.9568240439999,773.3365523279995,785.4467306000003,793.1712513360001,810.8942683599998,846.5580088,855.0011679920002,877.0659971936003,890.1436815600003,904.8672037200001,914.6644079020004,959.7876470999996
2,18,17.0,827.63129656,91.46053023173266,610.0701790000008,727.0688415840002,778.2368221119997,795.991974752,797.1357260368002,808.2178763599999,844.9789248000001,855.3056276880003,882.7876855347205,895.8857059600002,903.0572488160001,916.8276813600003,953.8995872999997
2,19,17.0,830.7697803564707,89.60204107195428,618.7181325000008,728.4655792840002,788.9493411999999,796.9505391999994,800.5123621047996,814.3439513000001,843.8745268000001,858.3065866880004,883.8195892014404,897.5327458560002,904.08553164,919.6345738200004,950.1043772999997
2,20,17.0,831.9562268211765,90.23136710948725,616.1409575000008,726.1528405440002,783.4508824999999,801.4336448199994,804.2040809311997,819.6540303200001,848.1920768000001,859.6929117920002,882.0474798955203,894.7076746160001,900.44562384,923.8036962400001,951.6459869000004
2,21,17.0,834.7175321741175,91.23232633971708,613.3174461000008,728.4426433840001,778.7386673599999,805.1548977599996,807.1263229983999,824.6569297600001,860.0593618000001,870.3202862720002,878.5529813419203,884.2592663360002,899.1735310800001,927.2240109600002,961.4988729000004
2,22,17.0,838.9595591211765,91.31669730483861,616.6794841000008,738.4785869640001,775.8103483599999,807.5630501999996,813.1793731543999,831.7941858600002,864.0830555000001,873.6498263520002,882.6749323963202,886.5045130560002,902.419517,931.1589250200001,974.5714625000003
2,23,17.0,840.6415681329412,88.85741671604005,622.6243711000008,742.2432117239998,781.1539071000001,810.3967338999996,817.2754461095998,837.9714057400001,861.8665052999999,876.0262424120001,883.0152989939202,885.5169586760002,898.3954948600001,926.9321398400001,979.5032539000003
2,24,17.0,843.2823368329414,89.44988135604308,627.7258650000008,740.2587720839999,788.2136746200001,810.0374990999996,820.5864311231999,841.4895179200003,869.0270578800004,879.1172297999999,883.9950590651201,886.3160047760002,898.6459231200001,930.64960784,988.6970252000004
2,25,17.0,844.2649565976471,88.9629264860942,627.3906780000008,742.0757610439999,787.6852898799995,813.6332209999997,824.3602127807999,844.5551822800003,871.9093648800003,878.4142300679999,882.0275497727998,885.0885357599999,900.8760824000001,930.5702004400001,988.2205992000005
2,26,17.0,846.3511426052941,89.86471643509142,630.6906180000008,738.6015872639999,790.7095153199996,822.0701656399998,831.0816537943999,845.9742973400002,866.3417258800002,876.94527242,882.5686841016001,886.1231199599999,904.9219574800002,938.6877559400001,991.3729665000005
2,27,17.0,848.4832691700001,90.68538274886396,628.0705967000008,740.3189707439999,787.5023365199995,834.4306240399997,838.8571928847998,845.2866218000004,859.3779354800002,881.3813416999999,886.2256135480002,891.5728863800001,910.5225029400001,938.49314714,990.9157708000006
2,28,17.0,850.6204265288237,94.14284513768405,628.0209978000008,733.1670706839998,792.3782076599997,835.3427679799997,837.8373930814398,842.5875066280003,847.8767714000003,882.2926797600002,891.6254086784,898.30640954,917.50484938,952.46457648,997.3045798000005
3,1,17.0,851.2274215582354,96.97253482138015,624.6017578000008,729.7198984639999,784.3824324359996,838.8501743560003,842.8613415592002,845.1411894600001,847.4022260999996,883.1745959600003,893.6581327984002,898.5734653799999,920.6227839400003,961.7519354800002,997.5204041000005
3,2,17.0,855.0139397405884,97.231786832922,627.9738164000007,727.5468240839998,787.9133414359995,842.2642651160002,845.3291940536003,852.4082635400002,862.0765030999996,884.1062946200002,896.1028588888,901.4237413799999,927.9098369800004,965.8907106000001,992.6224468000005
3,3,17.0,859.4329218111767,94.90350681186652,639.9190494000007,735.1390013439999,788.7754037959996,848.1838765160003,851.7618894056002,859.28207226,866.1701232000001,881.55543074,898.4196103096,905.2081690999999,936.6061347800004,970.6896024800001,991.7347268000004
3,4,17.0,861.1869635699999,93.77445543494899,643.4884344000008,740.517001124,792.0087536359996,849.8597830760002,852.7250875912001,858.9382696999999,864.8777591000002,880.77513924,896.4406142096,902.8654224999997,939.6671185800004,973.7882960800001,996.5225508000004
3,5,17.0,866.2234478494116,93.9355244408854,640.2639814000008,755.1158485839999,793.5378057759996,855.6839744960001,857.8058993280001,861.3854974800001,868.4588990999996,880.9915488800002,899.2854652351999,908.7179872999998,943.7084889800003,982.22422998,1000.5698198000005
3,6,17.0,869.20329954,93.28588068373872,636.4079794000008,759.2738499399998,806.7321386559995,857.3131969760001,861.6808591776003,869.0247457600001,875.5812450999997,881.5927014800002,896.1065374512,905.2012170999997,951.5237747800004,978.8557101399999,1001.7282998000004
3,7,17.0,873.287122222353,93.06892662704693,634.1744404000008,775.7060499799999,807.7096692359995,864.631820596,866.5678962272002,870.4405447200002,880.1556950999997,886.1118662800001,900.7140716959998,907.3401738199997,956.1273788599998,979.7660133200004,1005.0253688000005
3,8,17.0,875.8024938223529,91.55695112921356,639.3627508000008,781.8904227599996,818.9478405999998,865.9618714800004,867.3312719646403,871.3578633879999,876.9987724999997,890.9269420600002,897.0649500487998,900.0751138399996,955.4313122399999,985.1517847200004,1007.5618428000005
3,9,17.0,879.6696816764708,91.61650148882,642.1651110000007,782.9461543199997,827.5628030999998,874.8056587800003,875.9712765872002,877.9463175999999,879.8112208000003,891.5194243000001,901.3121802167999,905.0547663199998,955.9122351199999,992.4753914000005,1005.4436140000003
3,10,17.0,881.1609761294119,92.25820589012446,644.6971703000007,782.7417377999997,832.9936026799999,872.6196267600002,872.9547833639999,874.9238525399999,880.6847764999998,896.7243361,902.2900430247998,905.4115631199998,954.25545352,998.0520474200005,1010.1744990000003
3,11,17.0,884.2199286411765,92.5629365401831,646.2202201000007,786.1994017999997,834.6569999399999,873.8473224199998,875.9253405599998,878.8344082400001,893.6705354999998,898.6961688800001,905.6294194559998,909.0134719199998,957.0557787199999,997.5550972800004,1020.3331370000003
3,12,17.0,884.288046747059,90.39951165569423,654.6460781000006,784.1246938199997,832.7081420999999,878.9320788199998,882.2915009271996,885.0943855400001,886.7977962000003,897.0255287799998,905.1240963367998,907.1865867999999,958.7014027199999,992.9405676800005,1021.9679241000002
3,13,17.0,883.8929828235295,89.97174219264811,653.6422671000006,785.4306864599997,823.4610371399998,880.5662152199998,883.6707211247998,886.7244308400001,893.1857696999997,901.5876464199998,904.4117298583999,905.3179074999998,955.4090924599999,987.2286133000005,1021.4463526000002
3,14,17.0,885.1072762352943,87.89823843435603,657.1155941000005,789.1317622599997,824.3426212599999,871.9178147,877.8689998863999,890.31411092,902.7895642999997,907.62489246,909.1876742696,909.6182769000002,954.5283465799998,981.5564022400006,1015.6033816000003
3,15,17.0,886.6239315882355,86.42225112962542,664.9243868000005,790.8820658999998,819.4432372599998,879.0456707,885.5760446688,891.6898684800001,902.7776494999997,909.6034105200001,915.6619753791999,918.7572137599998,954.0027264799998,977.6731743800005,1015.2490586000004
3,16,17.0,888.7797828588238,84.24157524439771,672.4531295000005,789.9641586999998,829.7285038999999,878.9008538999999,884.1301341568001,895.3753884800003,907.3346190999997,916.4142163199999,920.4444811696,920.8631286999998,949.2320598199999,974.6986443400006,1014.4719266000003
3,17,17.0,889.0549075764706,83.59893070639036,673.9654745000005,792.0875690599999,828.2870866999999,880.2375827799999,884.382901184,892.1547091600003,908.5238751000002,919.8058805799998,923.0726782616,925.2095167800001,941.2809522199998,970.3110139800004,1019.8120666000003
3,18,17.0,889.5536531941176,81.60565974858994,679.0471085000005,790.7842152599999,831.72721452,880.4219414800004,884.8378202480003,891.4588512399998,914.1328994000002,925.06915356,928.7213426095998,929.5392751399996,941.3128680999997,960.2069072600004,1018.3359811000003
3,19,17.0,889.6589304058825,80.96307823278921,678.8938410000005,793.9086752599999,829.47226036,882.9865574800004,887.9717385568002,892.7127148399998,917.3544385000001,925.83401918,931.9846947895999,933.1431973599997,943.6572247200004,951.6011323800002,1018.2295811000002
3,20,17.0,891.0724212176472,79.07502479406129,684.8770160000006,799.1452847999999,833.95309714,885.9488304199998,894.2144030239999,900.6183792400002,913.8958982999998,925.0389499800001,930.7650878615999,933.6726729399999,946.1142515799999,949.4413586200002,1012.5241021000003
3,21,17.0,894.5596801176471,80.95796400409198,678.3061025000005,805.9833309999999,836.34763974,889.2400390199998,897.3704911943997,903.11137666,916.2479742999997,928.23922268,933.9778299456004,937.1649128400003,951.7599523599998,956.4277762800001,1017.8807754000003
3,22,17.0,896.5644738764707,80.93841589979215,675.0579525000005,808.4281875999999,841.8772079400001,889.2723626599998,898.2982234119997,908.45752886,919.5145609999996,931.3731111200002,940.2559892623999,943.0916833599998,948.49355392,956.5399888200002,1014.6507214000003
3,23,17.0,898.2145011705882,81.48646958185846,673.1063715000005,803.4160807999999,844.80773398,898.0349168599998,906.0415043879997,916.0582007400001,926.1442874999996,933.8411555200003,938.1916365263999,939.8189099599998,950.8700605199999,955.7483158200002,1010.3463934000002
3,24,17.0,898.4549662941176,82.14026678016923,665.3067835000004,801.0791277999998,851.7471920999999,898.0562295399998,907.0970776951998,920.4159970600001,934.6317025000003,935.5631941199999,936.9276041744001,939.2226735400001,947.0539901800005,950.3574321999997,1008.0506974000002
3,25,17.0,901.2682406294118,82.73174493958494,665.6149915000004,802.2785925599999,855.4120834400001,901.3984367999997,909.2204420839997,923.1366774600001,937.1703883000002,938.2674835400001,943.5593765783997,946.1828115799998,949.2851085400001,954.2852500800003,1006.1879744000003
3,26,17.0,900.6564090176471,78.96836622301616,675.4066429000005,805.2629629999998,857.9135208,906.1529595999998,910.0854769255999,915.7899355,934.6818338999997,938.2710570000006,940.9259590064001,942.0676527799999,942.4265317400004,954.9903501,999.0406221000003
3,27,17.0,902.3903230647059,78.46085057459145,677.8845125000005,808.5822424799999,863.3573701,908.6536725000001,910.9961214896002,914.4164761200002,931.0156038999996,936.3301868000003,942.3500164687999,945.21015446,950.0312957400006,953.7288219399999,1003.3528411000003
3,28,17.0,902.8758875176472,76.37514772112557,686.3873470000005,811.5485886799999,861.5194634800002,899.22281948,905.0191244439998,918.9133993,926.5005491000007,931.3115208199997,942.0533198199998,946.7398331800002,955.3217404600002,961.2686693399999,995.1686874000003
3,29,17.0,904.3435334235294,76.03032171688898,688.0687540000006,814.5751472799998,859.6643498800001,902.26600428,910.1641365559999,921.4981873399997,924.9341134000008,937.7843731799999,946.8247569928002,950.8314922400004,955.1489080800001,963.07895256,988.1977067000004
3,30,17.0,905.9529822941178,78.35205649734661,682.5297670000006,810.4830576999998,864.7623226800001,901.05162268,907.7108393904002,919.9978052800004,934.0559756999999,946.78833266,948.2825527191999,949.8796351600001,955.7449862800001,968.7637439599999,983.5066417000004
3,31,18.0,905.1280491777778,75.60467244729298,687.2268040000006,802.6412443699996,876.0548627600002,909.3046822800001,909.5041552548005,927.24048416,935.0879336000002,939.7775302399999,945.3002223935997,946.6415227199999,953.8041705200001,960.1193404400002,977.7521879999999
4,1,18.0,901.6375967222225,75.05260721660912,689.3148986000007,798.3799464199997,874.0593961600003,896.7645112500007,900.2041826115003,922.6947207600003,936.8122056499999,940.9649310400002,941.943986224,942.2084744000001,945.9176628999999,954.52235051,975.9666259999999
4,2,18.0,900.111531138889,74.6421037270172,693.9394864000006,796.7213815999996,879.0188574000005,887.4636719300005,895.8819438503002,915.7287634000004,931.1101649000003,935.7529137999998,937.4560949432,938.93639664,948.3339282399999,960.2198245100001,973.3716420999999
4,3,18.0,897.9120953555555,73.39662924157209,697.1573374000006,798.9238811999998,881.8101785800008,886.7951810600001,889.7960736206,902.7960653600002,919.9266513500004,929.7020849200001,938.4281563199997,942.9478041999996,950.9472656400001,957.6833787500001,973.2149912
4,4,18.0,895.4469088611113,71.25246291497223,702.9848054000007,802.0007296999997,870.7459991800006,881.0073823500003,885.5987171475003,900.1398743400002,912.6115732000004,926.5622622399999,936.3536947881997,939.07682509,949.7411570399997,958.4146263000001,974.7851687
4,5,18.0,894.6462457055554,69.86760058292705,710.9112188000007,801.5115900999997,864.5364982600006,881.6813882500003,887.8301314165003,901.8286443400003,912.7376182000004,922.0803347399999,929.9142472677999,934.5545468099997,947.8487156199998,956.0419986600001,982.2702177
4,6,18.0,896.267174761111,69.92679080000809,714.2738820000008,807.1104336499998,859.9925822600005,880.2122949500001,890.7918761435003,903.1769081400003,912.6201009500002,928.6178437800002,940.6854460565996,942.2442717699995,944.50636978,956.2166663600001,983.4849146
4,7,18.0,897.76228365,71.33632043668185,715.9926003000007,808.2004406299998,856.1733770600006,880.7614758900002,895.7331784809003,906.9819884200003,910.2393691500001,933.3993459399995,942.7483312159998,942.9362263,948.3985923600003,961.5278769999998,988.0530949
4,8,18.0,898.52224955,72.80502345398952,714.3526803000008,809.3020401199998,856.1495695400007,877.1839426800001,893.3516994588,907.5764128800001,917.9391701499999,923.0487117000002,938.3952223028,948.5497097600002,951.00651582,967.6370260199998,987.9797047000001
4,9,18.0,900.6247379277778,73.25944347409617,715.2295230000008,810.3246090499997,858.5693615600006,886.2669092799999,893.9620698717999,905.4098376599995,920.0294727500002,932.9085764400003,943.7065406314005,946.5290439300004,947.8072276999999,972.6811638199997,989.7827447000001
4,10,18.0,901.3629446222225,73.71729699586837,716.0490203000007,812.0637933399998,853.1819187200008,891.1734761800001,893.4259432408,904.6431066599995,920.7877582500001,938.0818161800003,939.7007930594002,942.4452802300002,951.1340005399999,974.3889697299999,993.5128072000001
4,11,18.0,901.2728692200001,75.41079371247797,718.5356834000007,811.5407685900007,844.4432182439999,891.0154176700001,893.4361689667,903.7534074999994,923.5946052000002,930.8264330000004,934.0261018938002,936.5959956100003,952.2888491399999,985.1435694299998,1001.0221052000002
4,12,18.0,900.8927849199999,75.5453907942303,730.2278664000007,793.7571674900007,849.959123464,885.6341971300002,892.8171779053001,903.2943562599994,925.9434010500001,932.5499330400003,935.9417577598003,941.1224503100002,946.90523734,987.6009253199999,1000.7508566000002
4,13,18.0,900.1833870200002,71.33594904754099,741.1059714000007,800.4330840900008,847.820360876,885.9897917000001,896.0265377929996,903.75149228,921.3927615500002,929.1327413000002,933.3064541872004,938.4838473400005,947.5348156599999,977.6409159699998,999.2241879000003
4,14,18.0,900.2333041700001,72.04226601133398,738.2662574000008,801.1061098900007,849.8334604359999,878.34515907,892.9857705686996,904.3799111,914.9662896500001,926.3356256200003,932.9257095996004,935.3977357200001,955.7149435400001,981.73343022,997.0224184000003
4,15,18.0,902.2482720200002,71.88352166046509,743.5755624000008,806.3980101400007,850.8214475560001,874.2827602899998,888.2537757648995,908.4515328199999,917.8156188500002,926.0419431200003,927.6482026346002,930.2912979700001,966.84112744,982.0568041299999,996.1992553000003
4,16,18.0,904.6304357422224,69.29938771899069,751.6618384000008,812.6195173700007,851.0249749960001,887.7515342599997,888.0331829635995,908.9370290200001,919.3537093500001,923.6334390000002,927.0327550812003,929.0033331400004,973.62391766,986.10044247,989.7456409000004
4,17,18.0,905.9985584755557,70.30545413297394,759.5810024000007,816.2078917600007,846.6862350560002,885.0436848399995,895.4040069813996,912.8949181,917.4090905500002,921.1678344400002,930.1974166420003,932.0951415000002,975.79676118,992.0025734200001,994.6314279999998
4,18,18.0,906.4849206922224,70.95245128925366,757.5918288000007,817.9770367100007,846.290435264,890.9685225399994,898.1146103283997,910.9938845000001,917.2406008,925.6680162400002,927.1766269940002,929.4663029000003,971.2137012600001,994.1548706300002,1001.8733149
4,19,18.0,906.7442997477779,69.81846360012317,758.8319238000007,822.7961305900002,847.4937211640006,897.5398983099994,905.9546201101,911.3048649599999,918.5037860000002,924.6932692,926.2848860606002,929.0946956700001,965.08912274,990.4073504800002,1003.4045318999999
4,20,18.0,909.3915776477779,68.53911331380584,765.8621878000007,823.8434694000002,852.3185287840006,905.4581640399995,906.2623824484001,907.79932184,919.7893450000003,929.9152568200002,937.1973530626001,938.00710407,959.8523198800001,990.5060946800002,1009.1450801999999
4,21,18.0,907.4834678588891,68.98020609676486,775.1345799000002,820.0922959600005,843.6272482240006,899.0196395900002,902.9346543298998,905.4604518199998,916.0760515000002,930.6465905600003,937.9315330716001,938.4030006200001,956.0528467599997,989.3916342800002,1017.2680731999999
4,22,18.0,906.4828083311113,69.65225855486612,764.2477416000002,821.0240962400003,846.7345258440007,897.4249961300003,898.3051132943002,904.8785376799995,913.1083439500001,927.8804645600001,929.8347108568003,932.1021611600004,957.4194643399999,993.5484121800001,1019.3359472
4,23,18.0,906.7943511422222,70.0953804718986,759.9558336000001,821.1410799100004,849.8954376440006,894.8702309300002,900.0222761393003,907.7307556200003,914.3949348499996,924.0899590000001,925.5074836934004,927.6501266300003,961.1191031599999,992.57668967,1019.8693955999998
4,24,18.0,906.431930847778,68.84662516843842,759.2396716000002,820.3838011400004,852.7902389440007,897.3103215700003,901.3208026897003,903.7925849800002,915.1522768499997,922.6641190600003,923.7872597212,925.7394400400002,967.7031095599998,985.1443760299999,1016.1131079999999
4,25,18.0,905.6922968644448,67.38816507271143,764.3109716000001,820.8989393200009,847.0028360240003,897.7625464000002,898.1121817960002,898.6847859200003,918.7923697499998,923.2003775600001,925.0079692321999,928.1209038899999,971.4407957799997,976.6861920200002,1013.11866
4,26,18.0,903.4511748311114,67.30733740921994,764.3944850000001,821.7166181900009,847.2070915840003,893.6385672000004,893.8978748640004,894.7053825600003,910.2627703000003,919.0999857399999,926.3991442941996,931.9114268899999,963.46468366,975.3168468199998,1017.2589542999999
4,27,18.0,901.2247721400001,67.0591179817067,766.4795860000002,817.8394397600008,846.0423157640003,881.1407287800002,889.1948485878003,894.7012815600003,900.7335952300004,919.5294359599999,936.1735900977998,936.4921634099994,957.72567566,970.89526527,1021.6576912
4,28,18.0,898.0998108733335,69.25294653601195,764.2488250000002,815.4697966600008,835.7168514760003,875.5450190100003,882.7192003881005,889.1534302600003,893.6978160800004,915.93714716,939.5893949252002,946.4467329400004,957.3569886399996,971.1266658899999,1026.1637787000002
4,29,18.0,897.3733574622224,72.3863540020586,756.7450480000002,812.7428972900004,829.0324778240006,873.5962223360004,878.7226113659603,887.4276814920004,896.9691465500002,915.0550359000001,941.4068010758001,941.9743762100004,956.3246581599997,970.90616951,1037.5276807000002
4,30,18.0,896.903398697778,72.81421264604276,756.9336135000002,810.8483264300008,832.9807601640003,873.0395917300004,873.4975277833003,879.8623928200003,902.9925573500002,913.3483798600001,932.5933388195997,934.4263339199995,949.0790050800003,971.2374967099997,1053.6779581000003
5,1,18.0,897.1038027144448,74.09819422701894,754.3807555000002,804.6832818200007,844.1878591640003,864.6819675700003,868.6229032027004,878.1413159600004,904.4388135000002,911.8226483000001,927.9094313675996,928.1597087199998,947.5421851200003,976.8785511599997,1059.3600583000002
5,2,18.0,894.9813770811115,73.34129336089973,763.6269460000002,803.4530734000007,843.9485950600003,863.3279879340005,869.2346664671404,877.3554716800003,900.3022964000002,909.4634513400002,916.6835239278003,920.5498988099996,938.11260328,978.5496670599996,1066.9822343000003
5,3,18.0,891.7870751533335,71.10545004992521,765.9563930000002,803.5492020900006,842.6893727800002,863.8081273340005,869.9353282351404,877.2072770000003,895.9947002000001,901.5931464400004,907.8523645872001,918.1909220399997,934.4752331600001,969.0075787099997,1062.6008813000003
5,4,18.0,887.9819589311113,69.72424177565641,770.3219302000001,799.8381229900006,833.5665103400003,864.3567582940004,868.2067505757403,875.3307103400005,890.9427904000001,902.3074368600003,908.8893705618002,917.4045977099997,936.9507441400001,953.3619260399998,1055.9489233000004
5,5,18.0,886.1596911588891,69.69409748451504,772.4723622000001,797.0608312800007,836.4812945600004,858.1266660940005,862.4385622137402,866.8874984200005,886.9464720500002,903.0846748600004,911.7849893970002,913.0628251499998,933.5979253200001,947.1280113699997,1059.3578780000003
5,6,18.0,884.994015947778,67.98490814784958,779.0458402000002,801.8501120700007,834.8123245600003,851.3517012840005,860.8045037336403,866.6886682800001,880.5279588000005,902.5495706400003,910.6574421312,912.6279190400005,927.0422200599996,942.2285460100002,1060.8669830000001
5,7,18.0,883.7612468922224,66.89987822840042,782.6912146000001,801.5872463700008,838.1016574400002,847.3670696340005,858.7503900521403,866.1033914800005,878.1652199000002,904.6587266599998,909.9700152866002,913.9458144699998,917.18003094,939.2835878100002,1062.8640270000003
5,8,18.0,879.9250637255558,66.21146800131719,784.6082234000006,799.9397400300005,832.0988680600002,842.6219913140004,848.4843361489402,862.0248822000007,877.5488715500003,900.0440221799997,902.9267788000002,905.1234966999997,913.2195667400003,937.8193098600002,1055.9340520000003
5,9,18.0,879.7104889088891,67.90055373527315,786.7621124000007,792.2774717700006,825.3779188200001,838.8380214140004,847.3020828499402,859.1126992000005,883.2960740500002,894.4602332799998,903.0219385336002,909.1662281199998,917.9884271000003,942.9830756400003,1055.2204574000002
5,10,18.0,880.3691684922226,68.18818216834764,782.8012506000008,793.8156313100002,822.9635898200003,840.7523198040004,846.0871192568402,855.5076675200006,887.2444214499999,895.3817142400003,903.8765044820002,909.8942248999998,922.8555466,949.8156714400002,1047.4633004000002
5,11,18.0,880.5930186588892,69.9994326190931,769.7533718000009,796.2554950000006,820.0630500200002,841.2014010640005,843.9082401114403,851.1921399200006,891.8611184000002,900.8742334399996,907.2776000915999,907.9876140200004,923.2164306800001,951.6362856400002,1050.6256284
5,12,18.0,878.2843628200003,70.9583719972414,764.7704888000009,796.9942134600003,814.1632889600003,833.7756581360004,839.1814004819604,848.7000656120007,891.6100306000002,906.2624916400003,907.9024908015997,910.0442425199996,922.3830020200002,947.4752531200002,1046.0903404
5,13,18.0,872.0921712422224,71.77303179953724,757.7408468000008,794.6335434600003,803.8805235600003,831.1648114060002,836.0896436266604,842.4321309120006,883.4966643500003,896.1566948400005,899.2149139913997,900.3475071300002,919.2885205799996,949.5112832700001,1038.5246864
5,14,18.0,870.0318394700003,71.10177788446686,754.6045038000008,791.2693193600003,802.0545826200001,829.5582930000004,835.0729751730005,843.6688552280006,875.8619661000005,894.0261600400003,899.2637824809997,899.3350270499996,919.49105906,946.3724283600002,1034.0769897
5,15,18.0,867.3206470700001,69.5199228816719,754.2337138000007,790.5726347900004,801.54687764,825.0851132400004,826.4584779294005,847.1767159080006,872.4709779500004,887.1237553400001,896.3937752949996,898.1263288499997,918.9372516799999,941.2201295700002,1028.6030271
5,16,18.0,866.1401108255557,65.66417541186657,759.8189808000008,793.2927672100004,802.0164575400001,832.3926018100007,833.7278054281005,850.9965956680005,869.3135151500004,880.6367591400002,889.9818769125995,891.8162629699997,916.1084716600004,933.5701005899998,1022.5208210999999
5,17,18.0,864.8175405755555,63.243267490330496,756.5219298000007,794.1798659000003,803.2887040200001,840.0977387600008,841.1518923176005,848.6780020080005,869.4075739500003,874.9572390000003,889.0343842929997,891.2441976499998,908.2131553800004,928.9933046099998,1015.4423423999999
5,18,18.0,866.8350317977779,62.29283756166247,747.4757078000007,797.28736843,809.2529890000005,846.3049244100004,849.1247584281004,858.0516572280005,870.6953851000005,881.15092856,891.7970724483996,894.2098017799998,903.1185173800004,934.4367279099997,1006.2060898
5,19,18.0,864.0684200950002,63.21004287874015,742.8243618000007,787.7926107200002,803.8414301000001,848.3709955400006,851.9551950314005,857.1897708400003,865.0810441300005,878.1894324799999,887.0555570037998,893.2362485099999,909.2671611800004,936.5993099099996,991.18192215
5,20,18.0,859.0239673061113,59.030495676373945,747.6929154000006,787.4188173900001,804.2721151000003,836.8041364700003,840.1137412157005,851.2245707680005,868.7854230500004,870.3711191200001,877.2939942229997,887.8929371499999,906.7365815200004,934.2254385499998,959.7735437499999
5,21,18.0,854.6468210505559,57.00585976844559,742.6385757000006,786.34407252,802.9640258400004,824.7062680900004,828.5367266659007,845.6554823680005,864.5687477000004,874.2217695600001,880.3913849537997,887.7230334099999,901.1864935600004,929.8568390299997,937.1404779499999
5,22,18.0,850.2305010616669,54.92746652633117,736.6379847000006,784.87016726,801.3306930800004,820.2087550400004,824.5006386404007,839.5363185680005,865.2867534000003,875.9661822400001,882.5386436837996,887.6521969099998,891.5335405400004,913.1283678749999,932.3596731999997
5,23,18.0,844.8608972338892,52.911525498671544,727.3289747000006,783.0266358000003,803.31116138,815.5808090500008,819.9903905065005,826.6244905880003,859.8967906500003,875.7881932600001,882.8645669813998,883.9259765299996,886.1124997800005,895.7980180749998,924.1671901999997
5,24,18.0,843.6917810672223,51.43208011721318,730.3524047000005,778.1098430000003,805.2393044200003,816.4980099800002,820.3730831468004,823.0387443880004,861.0037838000003,880.0808764800003,881.6406622263003,882.9838470349998,884.7140555000002,892.7563225199998,912.3261812999998
5,25,18.0,841.4599314394446,47.043605467089144,746.1505007000005,780.3426583000003,803.0281061600003,814.8620660200004,819.6870997852004,823.8088661880004,851.8215343500003,877.2151808400002,878.4676318758,878.6694775100001,880.6326242000002,887.06833074,905.1246557999998
5,26,18.0,840.4073198061111,45.14452672509955,756.2801837000005,778.7334061200003,801.0500229200004,816.2856332200004,819.9305316772003,826.1094881880003,848.7006480000002,871.4622440600002,876.1307321258998,878.4942671549999,880.9521747,886.03486924,894.3649294999998
5,27,18.0,838.504295461667,44.405632378383835,757.3492777000005,776.2056343400003,801.3315255000003,813.5438399700004,818.2160649087002,827.0864351680004,842.7762720500002,867.5403719799999,870.4821041360004,872.1301197000004,878.8272853999997,884.22264777,900.8774751000001
5,28,18.0,835.6841398172223,42.84104644251822,753.8668482000004,778.2121769600003,798.5915346600003,814.4751907600004,814.6260153856003,824.5491072400002,836.8456234300004,864.34135758,865.7920659858005,866.5430145100003,874.1150648199998,880.6596113399999,899.9571371000001
5,29,18.0,833.8890015616669,39.12333679268773,765.4530492000004,783.6938264200004,794.7652983200003,808.3618710800004,813.9769373588003,828.1403788800003,832.3028257300002,858.0063636999998,864.7510644448,865.9374836599999,868.0738655499999,870.0122927099999,903.2207418
5,30,18.0,833.0934921672224,37.363014101724794,764.3205592000004,788.0179886600001,794.2347299800003,809.4263510100008,816.2613091521005,826.7525514280004,837.9380865000003,848.01196488,854.3823516326003,859.4003674699998,863.7797385200001,869.7286549749997,903.3777478000001
5,31,18.0,831.327309052778,38.97180499084259,755.4258282000003,786.0098961200003,790.9098437440002,818.3755472100003,819.1241378121006,823.3867111480006,832.6437252500003,845.2949536600001,851.6764239264,855.53805418,857.7606602999999,876.0101910449998,904.8429564
6,1,18.0,826.8562674138891,40.89990761448018,745.8870822000002,776.9101858000002,788.8910365640002,812.4964003840005,815.2085701656404,817.6833635400006,828.6779439500003,845.3307328600004,846.4669480128002,847.1752710600002,854.0358928199998,870.4563354449999,906.6096023000001
6,2,18.0,824.5708078416669,43.56875258680006,736.9550348000002,768.8265530500003,787.6670994480003,804.2902889000004,809.5194159020007,814.4939684600004,830.0248033000004,839.7322257200002,844.3121897714003,848.7383945299998,858.79085932,870.995085025,905.5064818000002
6,3,18.0,820.995677502778,47.1647828213746,727.2016791000002,766.1937802180001,776.2607551640003,792.0242368200003,797.4741740952006,810.4530598600004,831.1303970500003,834.2262134400006,845.4944097530004,851.0209200499999,855.2889641,874.7933915649999,907.5990694000002
6,4,18.0,817.753639152778,49.67350201652706,709.0030785000001,765.7325843900003,778.5161325680003,795.1260854200003,795.5390258512007,800.9609859000004,817.2660125000004,834.0652957800003,837.8308297506004,843.2746980700002,856.0720867199998,879.0727590449997,908.9315954000002
6,5,18.0,815.0653623527779,53.97333773472595,697.8771451000001,763.9919515600002,770.8118421320003,787.8436789200003,791.0085235062006,795.2695393000004,813.9420030500005,834.51797638,842.1696052594004,842.4841804300002,857.4663917599999,873.4132220449998,923.8746820000002
6,6,18.0,811.5908467083336,59.34732346252141,682.0240176000001,752.6742907320005,766.3881700360002,784.0367919300003,786.4672410093003,791.0821757800005,811.8201150000004,838.9323005800002,840.1480325994005,841.9428484300001,856.6444311799999,864.3307448149999,939.8072840000002
6,7,18.0,806.5521571750003,61.9849776004204,669.862644,742.9868326920006,761.9976145600002,776.634097716,777.3025144953601,789.5684913000007,812.5943336000005,834.0479752600002,840.7856929774005,845.2374875300001,848.6204928199999,857.3303119049997,940.2138930000002
6,8,18.0,801.8812704000002,63.57673709571643,661.0364247000001,734.9623941320004,756.1056928100003,770.5012933900002,778.8649685659004,785.6771630920002,807.4436037500004,829.9780896000003,837.1157022222001,837.7198827899999,841.5585709000002,856.0989748049998,942.6425620000002
6,9,18.0,798.0634541777779,62.72290841018351,664.5469040000002,725.5436586150003,746.8321066760004,779.9742424400006,780.4301174354003,785.568387452,804.9117034500005,823.74851046,826.3867772096003,828.6152948200006,840.59521832,852.0666486449998,938.4411140000002
6,10,18.0,795.3234669305558,61.83831706655316,679.5653815000002,714.9549274550003,745.1528413560004,774.3340503150006,775.5350125516503,778.594463412,800.7603567500004,820.9902185000003,826.3890971392003,826.4579621400006,841.72494232,849.4752749049999,933.8705183000002
6,11,18.0,794.0392591083335,60.580836187841136,691.6024545000001,711.2813066650002,744.3575893840002,771.7596725950007,773.8147908794507,778.0943313200003,792.2585090200001,816.2596218600004,825.3361038996004,827.0093051199999,837.1918633799999,855.9004535249999,927.2968548000002
6,12,18.0,793.3339216972224,59.277580665720315,704.2340623000001,713.0992404850001,741.2322783240003,766.4423964950007,768.6907955484506,776.0174087920002,788.9140426000004,817.7682516200001,821.9425743983999,827.96302078,833.9520448200002,857.9805357249998,924.7028618000003
6,13,18.0,791.3770314805558,59.517111312806044,697.2856839500001,716.6459782400002,739.4804278440002,765.5582044250007,767.1042187437506,770.6221904200004,787.69227522,811.9205789399998,819.6682052656002,822.8014940200002,835.1234509800004,849.9486759749998,933.3185178000003
6,14,18.0,789.3391033527781,60.81691849239944,690.1408415500001,716.0511396700001,737.2809363440002,757.8906380500006,761.3715580585003,766.7743382200007,791.0365083700001,810.6304791399998,819.5520113636005,825.2349211200006,828.8219693199999,846.3147293849997,934.5136248000003
6,15,18.0,787.5511866916669,61.84106087461094,671.0830431500001,721.3315851900002,745.0039809440003,748.7636585900005,753.3385579949005,772.5910301600006,789.0213328700002,802.1923787399999,814.9400980826003,822.9061306700002,830.7057699900001,842.5604133999999,935.5612678000003
6,16,18.0,783.8241323361112,62.80595147050017,657.0121881500002,723.5283386520003,738.2325429000005,749.9668708100003,751.7091091001002,777.293137292,785.4584007250005,795.59968288,807.0552158950006,807.1521739500002,827.20700527,843.5109553099999,929.4948812000003
6,17,18.0,782.7924134861111,63.46545677854493,650.4972591500001,719.8886111300005,737.5446536960003,751.1399814500003,760.4149969745002,777.3853946199999,781.64904297,792.7878369800005,801.9134857820004,801.9386756000007,828.19763278,844.2831755099999,920.5641560000003
6,18,18.0,781.5735426361113,66.44284454065851,639.1910411500002,713.9981927120002,735.9320540400005,763.35591464,764.8426153544001,773.60565432,779.8275736500004,784.9865713280002,791.7389746212201,800.0997151490005,829.56656134,852.1806354099999,919.1276397000003
6,19,18.0,777.646160813889,66.7274422393837,634.8321456500001,709.1672313100005,734.4278418360002,757.15910957,759.1814599847002,763.8086668000002,769.5941763000003,778.3471961280002,790.1367007168201,805.3388109690005,829.9050147,852.9731940099999,906.8976613000003
6,20,18.0,774.4879960888891,67.28949637068519,631.0551443500002,705.7463377020001,729.1756520800004,756.6963643300002,759.4042363243002,761.3194632000002,767.1586740500003,772.7928124080001,791.74458454482,798.4931985690006,823.7177054999999,853.99385953,899.3240867000004
6,21,18.0,772.2184243,65.93665832881608,626.6628743500002,701.3475713520002,732.5789980800002,750.5462144300002,750.9603936053002,762.0342458000006,765.75384985,779.3843584080001,792.4336104628201,799.5734836690006,817.7385715199998,848.5125321300001,892.3459497000005
6,22,18.0,772.8135773555556,66.24935474736732,636.6037105500002,696.3706631720001,733.5726650200004,748.374003225,748.66381568475,757.1043734000004,766.6711933500001,780.3479802080002,795.08449855542,808.1422931390006,819.8400894499998,847.3469021200002,894.2361573999999
6,23,18.0,773.5497331277779,68.80427664409139,633.5076675500002,688.3601534920001,725.0708454200003,750.0126621250001,751.42038012625,764.7251736100005,771.6299578500001,786.8701856080003,797.5223564094201,809.1318604390007,822.48146306,854.7118166550001,894.8399569999999
6,24,18.0,774.8929494055558,69.257671114532,642.8887035500002,683.608688692,722.5114716400003,757.570554585,761.6708807803501,764.2065112000003,776.0394448500002,787.8846370880002,799.5144891680201,810.7253300090006,817.2556256999999,854.581624355,905.2841199999999
6,25,18.0,776.1512065944446,72.00489026634281,642.9845942500002,677.6104688420002,721.7145850200003,756.6963032450004,759.0734792874503,766.9858109300001,776.0080385000003,789.0018310079998,800.2908072437199,814.917941274,821.7913751200002,858.477922455,915.8435439999998
6,26,18.0,774.4848893872223,74.49658380891871,636.4833142500003,670.4051092410001,717.2399696200005,744.5512086050003,755.8089858120501,769.0152539500001,774.5725577500002,786.7840524519997,796.3665517591999,811.7190719399999,833.9229662400003,855.709536255,919.3269209999999
6,27,18.0,773.5231517205558,73.92782767597483,649.0866568500002,665.7764414490001,716.0155350600003,737.8420242750003,751.8965288077502,762.7747507500001,777.1618207500003,784.1759995119997,793.4551441786,802.2636221700001,845.2280235100004,855.621597355,913.5306269999999
6,28,18.0,772.5105943650001,77.12402123509804,639.6449708500002,661.0844700090001,712.1002180400005,738.1791621350002,752.8145409903501,762.23088311,783.9011984000003,788.8535962279999,793.2349666415199,796.941521784,843.5011471100004,857.3596169950002,919.7282139999999
6,29,18.0,772.6578687816668,79.53291584170954,631.4994099300002,656.1452943449999,710.5608147600004,739.1634768900002,751.9082120019001,765.27226764,786.7687667000004,793.814843068,796.21538408552,800.4815021840001,842.6752331100004,852.7688425450003,926.6768759999999
6,30,18.0,772.8240595650002,81.91739692862092,615.5861157300001,652.189487805,713.9705121600005,742.0925512700001,754.2534434717,767.0121526799999,786.5217182500002,793.9036971119999,797.7945878428002,798.8610194600001,839.8648210400003,856.8685045400002,933.2627219999999
7,1,18.0,774.8023207872224,83.91829972912896,593.29541483,656.3840068349999,720.9448566000003,750.1941929000004,759.0631664420001,767.9763842599999,790.5482839500002,795.1634635119999,799.3683041886004,799.6384534700002,837.7794777200002,858.0123340300001,936.423868
7,2,18.0,772.8284267683334,85.9434872907754,573.8683891300001,659.234208635,717.1740787800003,754.0835035710004,760.5803198663101,774.7607411019999,786.2865384699999,793.6902526000003,798.8476850034003,800.7566165300001,830.0175465600003,855.2917067700002,935.5528390999999
7,3,18.0,769.6989941961112,88.27829895032838,555.93631413,656.9221978749999,710.9004756800002,754.6434393210005,755.9511360488101,769.6596019739999,785.1542607499999,794.4947548800003,797.6495573606003,799.8321502700002,827.7277191800003,852.1599447200001,933.4292325
7,4,18.0,768.8184811072224,88.72484728398634,558.29270813,657.415768675,708.7096043800003,749.607015289,753.2164022161903,762.615721552,780.9050130999999,795.6869920600001,799.5305686764002,800.2610428800003,829.22389777,856.0364446850006,932.7964435
7,5,18.0,766.1390800627778,86.35090608341436,566.80532213,656.6883581550001,706.573526664,743.6681251000002,753.4472807500005,760.5530316519998,775.2199097499999,789.2221547000003,797.6161959284002,799.5942634800002,819.3022973,861.6307246950007,926.5107853000001
7,6,18.0,763.6953100888891,84.98781005085597,571.7486881300001,654.155390855,704.7292676920001,739.6086836200002,750.1528610572,757.904056892,768.5269656500002,792.5640166600003,793.6395193087001,794.9101184150002,818.59256696,859.8777202950007,926.6340633000001
7,7,18.0,761.4856568750001,82.05510708936288,595.2028342300001,649.685896235,700.320623572,736.0038481400003,744.4284958814001,753.3959355919999,765.8095774500002,787.7033325200002,791.8054985766003,793.9025058700001,818.3337294400001,849.5883890350008,926.4440843000001
7,8,18.0,758.4621803211114,81.4719946027613,614.4175457300001,646.3459018350001,691.576680384,728.5932473800003,743.5013325148002,754.7492910519998,759.6114945500003,777.5287067800001,792.3387882140003,800.2179322000002,814.3127778900005,839.5854710300003,927.9749569000002
7,9,18.0,756.1314678505557,80.46122615111707,621.6969243300001,648.966769935,685.638660674,719.3404258740003,738.24263182014,750.6117554479999,758.8867741500003,780.4274871000001,791.5221478130003,795.6548573499999,805.1230098500005,840.8681248500003,923.5927199000001
7,10,18.0,755.4812418416667,81.94937296222528,621.4813167000002,645.695110666,681.7505754939999,713.2634359540002,731.7834796119399,746.448867428,763.8801035750004,776.6740299400001,789.5331595483004,791.8783946350007,808.97910136,843.1149376100003,919.1953996000001
7,11,18.0,753.4990839861114,84.362248157056,605.1771946000002,648.778477766,676.590049096,704.4199928940003,724.3249701833399,742.1506611079999,763.8423095750003,777.28314334,783.5599832579005,789.3678237550006,809.9186989000002,841.0684060400001,917.3629786
7,12,18.0,751.9151647527781,84.8396351476663,596.2875033000001,661.9538447540001,671.997255934,691.2134782840003,714.2088609012399,732.6996622479999,764.6908803250003,780.8890258600001,784.4342476399005,786.2098046550005,800.4113363000001,846.2907757,914.8262606000001
7,13,18.0,749.659224638889,87.80052285345192,577.1124853000001,659.2711076329998,671.6067776620002,681.8368250840002,707.12837004224,726.829630108,769.925647475,776.1731671500005,785.2659415831006,786.1459746450003,796.5824018800001,850.90894452,915.1133251000001
7,14,18.0,748.8460944372224,89.23051748988945,570.3299553,661.4939314730001,670.0322633600001,677.7494219670001,699.1124208821699,719.368105988,776.8577555500003,778.9192960000007,779.9545816851,781.216595295,803.7564897200001,850.4588982,911.7248702000007
7,15,18.0,746.6755496372223,90.32740907897548,557.036522,655.7262280230002,669.5704399280003,688.6946913389999,696.6311891322898,712.810761428,767.2814529000003,784.6087023700002,787.4303616306005,791.5136555200002,803.33465548,844.1313895999999,914.5927552000007
7,16,18.0,743.7687079705556,89.5248210472407,566.5785047,648.7696851630003,663.8643086880002,683.372549439,694.6125411732897,707.7998022679999,763.4345664000003,785.7065066900002,787.5954274935007,790.6541120250002,800.6403396200002,836.5628396,916.0220336000008
7,17,18.0,743.8155670483334,88.85586564393144,574.5302115000001,647.2657277730003,664.988803488,684.2147826389998,694.0150419252898,706.0904829879998,761.4893361750001,782.6307719300005,787.0972969495006,790.4652392250002,805.0349314200002,835.7054953699999,918.1500751000008
7,18,18.0,742.9397112150002,89.08355621731612,582.3519078000002,640.0698718530003,665.5081192880002,691.4236958389998,695.2732216772897,701.983694908,755.5520718750001,779.4145783800002,785.8033320317005,797.2272071650008,809.0542480200002,835.25491898,918.0959258000007
7,19,18.0,741.3472600094445,89.06673757642214,592.2672247000002,633.0159792530003,661.1722220280001,693.890957565,696.65147231265,699.6696059619997,754.0599173500002,776.9632585900004,781.8743713828003,790.5632329100007,809.5143918200001,831.24510415,922.0674315000007
7,20,18.0,742.1822681538889,90.76923499153631,598.4109961000001,626.9313512230003,658.4281858080001,689.061249205,691.96790579905,710.3734531219997,751.8536723500001,771.2660418600001,782.0860442777005,794.8076698650008,821.4875136600001,834.57370483,923.0103332000007
7,21,18.0,742.269068268889,92.84182286941845,604.8108651000001,622.0712157030002,653.3281648080001,683.5161465479998,690.8829024970798,714.3529827519998,747.1917700750001,771.1093219,786.5069722279005,804.4166790550008,823.5422306400001,837.7956361399999,926.7824022000007
7,22,18.0,742.9123389744444,94.71853804179365,608.469324,618.1737365330002,646.8567525880002,683.0069930079999,695.9610478676799,718.1474489119997,749.1417145500003,770.77372463,784.2617832320002,805.8959076500008,822.75465422,848.0131063899998,923.2430259000006
7,23,18.0,742.3887999277779,94.4217132377142,612.0644783,621.2017832230002,640.9829853440001,686.1051300779998,702.3181841173798,715.2467783519998,749.1078110500002,768.1528065500002,780.1808788008003,799.0335056100007,817.3890676200001,851.05219309,926.9875171000006
7,24,18.0,742.4958212944445,90.43996250268762,617.0617533000001,634.1434199169998,642.7237018240002,686.0383945819998,697.0179441588198,716.7286553679996,746.5661900500002,771.7704111300003,781.6382986038003,789.1550804600007,812.2091542200001,852.0648457099999,920.9775821000005
7,25,18.0,742.524407261111,87.8090550824403,623.9862178000005,636.4494170020002,645.7510108739997,680.3561809219998,692.7081571962198,717.8620700879998,749.9875242,773.9298919700003,783.3064924191001,786.9258339450002,803.8391626600004,855.2840744299999,917.7652001000006
7,26,18.0,743.424747918889,84.32327182014205,630.5151078000006,644.6242434560002,657.0030525139997,679.1959766519999,686.2786354915197,717.8563335479998,749.5601554500001,774.1091309000003,775.7277273499003,777.690125755,799.8427857200004,857.4110746499999,917.2288911000006
7,27,18.0,744.8109131077777,82.32864035655484,645.1786321000006,651.2087385760002,658.7902340939997,668.4783086219998,680.3297421832198,724.2331832879997,751.14656605,767.6608859900002,778.5304279784002,789.0513355300006,800.9871619800002,853.5768407999999,916.5113518000006
7,28,18.0,744.0704750966668,82.35434631683556,644.3922956600003,653.2087853190001,661.437573592,665.1136419829998,673.9406688425298,719.9639776879999,752.81109805,764.6610538200001,778.890223141,791.9105057499999,802.1832081200006,843.5217750999999,924.6545773000006
7,29,18.0,743.0809999805557,83.47099229299296,640.7464121600003,645.053261719,656.2798577839997,668.6874430040002,673.82750510744,725.0526577479998,751.4436840750002,762.6897161799999,777.3817895314,785.6681846299998,815.5786718800007,846.0551556999999,911.7599981000005
7,30,18.0,740.7953081194446,83.44865973076936,631.2442058600003,646.9086082189999,652.6387280839997,667.7431907940002,672.5886195683399,718.172080388,743.3795833250001,766.7740952199998,777.5770124464001,784.6770379799999,818.9479133200007,846.9649052499999,898.6511124000006
7,31,18.0,738.8320363544444,82.9599948777943,624.1355460600004,647.5266620909997,655.8559796820001,666.8013155540003,666.8521172119399,715.4973038279999,733.6710571250002,771.33780052,781.5730602452,785.7318665399998,820.4304712800006,841.9362724199999,890.3725244000005
8,1,18.0,738.6201203766667,84.7218840518763,621.5426710600003,646.1105381409998,658.4172941360004,662.7818025329998,667.5723434544301,710.1434833399999,726.2426537250002,773.68295566,784.2166750401003,787.5444765450007,820.96752816,850.0750893700001,884.5979944000005
8,2,18.0,739.1359819694445,88.51532082088377,623.3659877599998,642.749208172,654.0170772760004,666.1829294329998,670.6266539834301,702.4906553000003,718.7266476249999,782.0250292300001,784.8194590889007,785.8604818550002,828.89846296,855.0630644000003,887.2753957000004
8,3,18.0,737.5446381527778,90.54025732700399,616.9092356599998,634.4326108080005,648.1882945879997,665.2234595629998,674.2950326057301,705.1869459400003,714.6462598249999,782.36188854,786.0211075761001,790.4683725450006,820.9075743199999,857.6192724000002,888.7627057000004
8,4,18.0,735.413548575,91.04007973019493,609.4410546599997,624.6773266880006,644.1745374879997,673.3904295229997,682.6008756473301,705.5389093800002,711.9368854500001,781.77069262,789.6108415977001,794.9987222650007,818.25503612,848.8669797300003,888.9157497000004
8,5,18.0,734.874246613889,92.37926988791591,604.5104824599997,615.7894542980005,645.6057863319999,681.1227829329997,682.61633470843,702.6120991800001,716.5141909,780.91628258,795.2538622863001,795.9432019350007,815.7448488800001,844.1420835200001,894.5677227000004
8,6,18.0,734.0287622416668,92.32092839150523,600.1939920599997,611.7944957980005,642.5449627919999,683.4266038629997,684.1961275237301,706.9117504400004,718.7529557749999,781.8341706900001,797.7078771729003,798.3162507549999,811.99004408,840.7993459800002,890.1601909000004
8,7,18.0,733.0537809983335,92.26731864783915,599.3921280799997,611.4488018580005,634.9653117119999,687.1473041029998,687.5292342101302,710.1555449200004,724.9530987749998,780.7899167399999,798.2948137003999,798.6736858799998,809.3033237600005,835.5765993699998,885.0463114000004
8,8,18.0,729.5666567927778,92.62153934291209,591.2238151600003,611.3179372150003,630.361010292,681.2352639340004,688.57661879044,701.6068107539995,721.6089856750002,775.9633545799999,801.2766124355003,803.2733294750007,805.6301172200001,831.2734412499999,874.0813380000003
8,9,18.0,728.3876328638888,90.76227893457113,593.2741424299996,617.1334846780005,629.9681887719998,678.5177478340004,688.33212308644,696.4856078539996,714.2421736750002,776.85407318,797.9385947840002,800.3847613000005,808.7133080199999,826.8188433750006,870.5820262999996
8,10,18.0,727.7900798544445,91.9356398829883,585.2553546599996,618.2135082560001,630.5993201480003,672.2451180570004,684.3013509794704,692.2958659359998,716.0643641249999,778.4907714800001,800.1180358006004,802.93094927,808.2835582700004,825.6281052400001,874.0538192999995
8,11,18.0,728.2701630138889,93.81930213733598,575.7828892299997,616.954128076,635.8859906480003,669.3057854570004,679.5474290974704,692.0358237999998,718.1936534099999,773.9945127000001,800.2561253461006,805.0503550450007,808.2703676199999,828.3682237500002,883.2214502999996
8,12,18.0,728.7788731361111,93.8040373360663,570.6322131299997,615.742653366,642.1429020320002,665.1518304670004,674.2917481425704,688.9972491999997,725.6058601599999,778.9278640300001,804.2426295371004,806.5383331449998,807.8590107000002,826.7738063800001,879.2519949999995
8,13,18.0,730.4936129122224,93.06565366838586,562.4886457999997,618.6086338160001,657.5980353520001,665.1804633070004,674.5041580749704,689.8352368799997,727.5099077099999,780.0424246,797.1419620889999,801.0143450500002,806.1231638000004,828.8578169100001,890.9333049999995
8,14,18.0,729.6140153427779,93.35337001730716,552.8303011299997,619.4095177460001,656.8447549320001,671.7565355590003,675.0154122106903,687.7573273439997,732.0326607099998,783.2771652,790.7515260945997,796.89795457,802.5762574000005,824.5502048200001,897.2496737999994
8,15,18.0,728.9794935,93.29808064761767,549.8726177299998,619.939985416,660.0029889720004,668.956478973,669.3306668313303,685.2964261499997,735.9301744349996,778.1338114600002,786.4518465361002,797.6831437450005,805.6398277000003,820.5993677000001,897.0222838999994
8,16,18.0,725.7993884166667,92.99670141728589,548.1012627299998,618.1105019160001,652.2587319800004,676.0631097490003,677.5928564365901,682.0984409399997,727.9157028999996,775.5025909100001,784.0716119110002,788.9308582000006,800.0182802200003,819.06711064,899.3530665999994
8,17,18.0,724.8310648466668,94.11413911606026,541.0436232699998,619.9690289560001,642.3030994800004,676.8250368329996,681.7258417434296,686.4352747959998,730.0917815150003,775.4890066499996,784.0510504447001,788.7663636650001,799.5169984000005,816.9384596100001,901.5116838999993
8,18,18.0,725.9455581911111,95.26271469406372,536.0613408699999,622.7091923080004,639.8303488640001,680.2358058429995,683.4606867025295,685.7239066359998,732.2063567150001,768.9530095700001,785.6116467083002,794.5694936850001,806.8002628000005,820.28784941,902.9350268999992
8,19,18.0,726.6645034022224,96.97179602888652,536.5274355699999,622.9211614480004,636.158442364,680.4884830649997,683.8453982029499,687.0086860039995,731.0008987650001,765.0675020900002,785.6647228699002,800.7395050050002,812.9864066000005,821.5018237200001,908.7760798999993
8,20,18.0,725.0029270633335,97.25139216342728,536.5884703699999,621.0537508330004,634.021803724,678.6680867329997,679.8851524634296,682.9185356559999,727.8957209150001,763.31263883,781.2362839047,803.2714133650001,810.4714904000004,824.8895194800002,904.4350880999993
8,21,18.0,725.0707378866666,97.99538275951755,541.8181393699999,615.0360776430003,636.9260197240001,670.6791999169994,676.4638595083696,680.45058739,723.914880665,764.5457909360002,780.6289475598002,804.8003503100001,812.1604737600005,831.7105993300003,902.6891280999993
8,22,18.0,723.8274493511112,99.6295436947474,544.7086918699999,607.5432721350004,637.9904422040001,662.4901373769995,668.1063480789696,675.70995319,723.1663570150001,757.4406293760001,779.7127864354002,804.8333633300001,813.2024427400005,832.9788375700002,906.7592184999993
8,23,18.0,723.1502498911111,101.58634483673386,530.9749058699999,606.4492252810005,642.5997551240001,660.5167144769996,663.9184231199697,677.21772127,719.9564890500003,765.6212380000002,778.2228964285999,797.8109732700001,815.8140533500004,833.1455688700003,905.6989763999993
8,24,18.0,722.0023812172224,103.00322605452321,517.2241478699999,606.2342741770004,649.5434699439998,653.7582262670005,658.9489425358701,679.07178517,714.9623903000002,763.84595636,780.3160637105998,794.8201571700001,817.5124111500005,831.4816942100003,904.8400440999993
8,25,18.0,721.889559256111,104.00915694596024,508.2093868699999,598.4721693270004,650.1726942059997,665.3700991970005,667.28749788317,683.59657783,720.4852215000003,762.91233178,779.0615906481999,793.2776035900001,818.0903661000006,829.0179833100003,902.9717402999994
8,26,18.0,721.2625696305556,103.53130669940477,504.1454096299999,594.7693099670004,651.4452697459997,667.2875464529997,674.6145351036303,689.7196804360002,718.9382743900003,764.73724726,776.8039705417998,791.46182911,814.3737588700005,826.9222736300004,899.3423744999994
8,27,18.0,719.9228255722223,104.20987525597957,492.4999306299999,594.6367342070004,652.8616107259998,671.2400601029997,679.9316579721302,694.2536280960003,714.4046067650003,760.0555358600001,772.4222617529998,790.7868167500001,809.1943885200005,827.2345330850005,898.4298399999994
8,28,18.0,719.0343278383333,104.77347988616991,488.50176312999986,591.2153040070003,654.7896732459997,672.6612164029997,678.3256010501302,689.2594074840005,712.2205800050001,761.0427358200001,772.3781287397999,788.5640222100002,808.2658219600005,828.5834752950005,893.0075729999994
8,29,18.0,719.6165540194446,105.37780059863633,488.5835999299999,593.4516559070003,654.8267985979996,678.4616127070003,681.00940137097,682.6720210800003,712.0203226550001,762.50081968,778.4936234958,787.2182583100002,809.3559389600005,831.9823267450006,889.5679069999994
8,30,18.0,723.4084073416668,109.78477616312738,488.7981279299999,591.7281929070003,649.8553555620001,678.9959440229998,687.3444658203301,693.3171992999999,713.555652705,769.90361362,784.0818656305999,793.3211940700003,812.5425272300006,835.0680229500003,912.2567139999994
8,31,18.0,724.6489195438888,111.58396607023082,489.0664393299999,587.3971708870004,644.833990182,684.9796270759998,691.5129102506598,701.6666140059998,722.6461333100003,769.0561194800001,780.720753204,798.4136696000002,810.0433670300006,838.4273080400003,913.0394259999995
9,1,18.0,723.4824052411113,112.69027169641537,487.6239427299999,581.8400010770004,644.9327090520001,682.1725556259997,682.6434542911599,703.2986012060003,724.3159394099999,763.5048810800001,779.8624329456,802.5650041200004,814.3851201400005,837.9220074400004,905.7917935999994
9,2,18.0,722.4728928988889,113.80685708247098,484.61148122999987,582.0475345270004,635.5112542519998,678.5592420700001,682.5694834744003,710.8390502460004,726.90045001,761.6181960000002,786.6673025928,801.2819819600002,809.8355466100007,839.2641898900004,908.1014825999995
9,3,18.0,723.3558144344447,114.74772558864295,487.26783862999986,583.2778093770004,633.4003699359998,682.7298347800001,686.6056309075003,712.2554425460004,728.12892756,761.4952934000003,788.6720992907999,799.7606370600001,809.3233419000005,836.4660952550007,918.4353625999995
9,4,18.0,722.5772981377779,114.93301210211982,484.90092962999984,576.514853713,638.3773844840001,678.3167392400001,687.5964136451003,714.4412395659999,732.3983398100002,761.1190107800002,788.3983199398,797.5432486100001,804.2729413000005,835.1287108050007,919.5379783999995
9,5,18.0,723.4234106241114,117.07056073518444,481.9064364839998,572.4541045430001,635.0411271280002,677.4222440459998,693.6257179893603,708.9833058459999,743.3551781100002,758.0919840000001,792.8940549890001,795.28765385,807.7721390600005,836.8653079750006,925.2623886999995
9,6,18.0,725.6632618491112,116.69755258180021,479.8416404839998,571.8269695930001,635.0716777480003,695.7584173429997,702.5873989445298,707.5200389840004,748.6958539350002,761.3604170000003,791.5354446724001,796.7392735799999,813.9639273100008,837.9139603300004,920.5434409999996
9,7,18.0,727.7477339324446,116.15215101719232,475.12642688399984,570.230489323,639.0920206480002,700.6834068429997,704.1072586945298,713.0942074040004,755.6234815000003,768.0727205160001,787.7173415026003,789.8558682700004,820.3876170700005,840.3180925200004,916.4275969999995
9,8,18.0,727.8792865074445,116.94983696779516,462.21669548399984,570.9412836729999,638.7866812480001,704.5378000669998,705.6467577538697,718.2035356580003,752.0635725000003,774.5326487560002,784.5104958516004,785.0898413200005,825.9436667000004,838.9530768200002,916.2820309999995
9,9,18.0,728.8223812963334,117.99937853422085,455.22847688399986,572.041842383,638.4033409880002,701.9702442669998,707.9561892558697,722.9321572580003,751.6349125000003,775.8256065160002,780.7156138216003,783.5759698200004,830.2180380200006,842.7830806100001,916.6108814999996
9,10,18.0,727.3206199074447,116.81266872234653,448.84674628399983,578.2405594730001,637.6131676080001,698.1579948769999,708.7906664569697,723.6633659380003,754.1406944500003,767.9945558540003,771.6787034156603,778.1248992970004,822.9437593199999,842.9500922700008,914.8846728999996
9,11,18.0,725.6094042741112,115.83288280818563,441.69883788399983,582.111309503,635.3727807080002,698.7989648069998,709.6013912282698,725.3710255180002,743.9911737000002,768.2056262360002,773.0599341004004,779.1089862800005,817.3419702199999,841.4456888500008,911.7845313999995
9,12,18.0,723.9416302518889,116.26012336958571,440.44742988399986,576.8101384130001,635.8221350280002,694.5854898069998,704.1822879582699,730.0025077580002,739.5923047000003,770.6950299760002,776.2833497990005,779.6474135500005,813.5026605799999,839.8702393700008,907.7001053999996
9,13,18.0,722.9113549763335,119.70399757215978,428.52632948399986,564.436240211,633.2265696280001,699.227539207,704.1211568322698,730.0137311740002,743.6500530150004,779.1878923800004,782.6284565387402,784.1748216530002,815.5642980199999,831.2997362500009,906.7605163999997
9,14,18.0,724.2969973985557,123.07737744321845,423.8858564839998,555.002273411,635.2539802080003,701.1546362769999,707.5946468679698,731.5661104940003,743.9494280650003,778.3946625200005,791.5894371569402,803.2266783430001,811.8494996000006,835.8726035100001,913.9145900999997
9,15,18.0,725.7841529552225,124.96238798615754,423.56728448399986,554.8017656750002,641.3953946880002,709.499481067,714.4332582138699,730.1160419140002,744.8176825150005,773.3824789200004,785.4712271958001,786.7301539100004,813.7342864480008,851.02186327,921.5749970999997
9,16,18.0,724.0117043885557,129.1986163713659,404.70298598399984,552.3181181150002,644.0338917280003,704.9342960969999,713.7017695751698,723.8373287140004,745.3846980650005,768.1812835200004,779.5579957680002,789.5311800000003,812.9677742420006,859.09811513,924.2908860999996
9,17,18.0,723.6959278163336,129.99355551485496,400.3967946839998,555.8426945850002,647.7781739080002,702.0694104400001,712.1472528124003,719.175938376,743.3874719150004,766.2213754800005,778.8839272894002,794.3295396300003,812.9243538020005,859.5547188500001,924.9809590999996
9,18,18.0,723.9334679991113,132.13870067637984,401.8625636339998,554.7704860870001,647.6468897680002,690.7687861400001,703.9057429994004,722.868352936,744.4593044150004,764.8002390800004,779.7544906774002,794.6995862300004,821.0662905820006,863.0815890700001,928.3774560999996
9,19,18.0,723.2955449568891,133.89489378819292,397.51839443399984,556.6789620590001,643.5716515680002,683.70394782,698.4977883342004,725.604431456,746.6990779150004,767.4101798800004,781.6975014884002,782.7332151800005,828.0191009820006,860.4797252500001,928.5073163999996
9,20,18.0,721.1121440935557,133.98044876874118,393.4064927339998,553.3750429670002,644.2162535680002,683.9606127400001,694.3155403054004,724.618229656,750.7545243150005,769.1613459800005,776.4721386710004,788.53216965,820.0539899620005,855.3849432500001,923.6264123999996
9,21,18.0,716.107917989667,135.41696535393828,381.31006956399983,542.7244361670002,641.7236105680001,684.7383036400001,692.7411708244005,726.5941969360001,749.4974224500005,761.3982323240004,770.9365011832004,782.9699673400002,817.6968117620006,846.58300207,915.3772330999996
9,22,18.0,712.2456559874448,137.388482111148,374.3507735239998,527.8380955970002,643.9310957680002,687.91815254,690.7463719934003,728.5655983360001,751.9827827000006,763.7377129400004,768.9646998358603,771.2868883170004,811.9554929220006,837.45770128,909.6883033999995
9,23,18.0,709.8646314663335,139.28561988790133,366.28720064399977,517.5804772970002,639.2969803280001,683.8182997400004,688.3463469494002,736.4689884400005,754.2424649500003,760.952375996,770.7773095150606,773.1539245570004,820.7569881220006,829.7240168300001,899.4670113999995
9,24,18.0,707.8939677902225,138.8136766571062,362.20263524399974,517.3281217970003,641.0331387280002,674.8684178100004,685.1174239191002,733.0696330400004,753.2394094500004,768.0071064859999,771.0645276189405,772.7288157730006,819.5315949400004,828.6645153910005,882.4049563999995
9,25,18.0,705.2969385052224,138.02936501257457,360.41148371399976,515.2429280770002,635.806863222,673.5742645100004,683.9427955961002,736.1900678400004,756.9421268000003,766.2626283460006,771.6647906883402,774.5786297029998,812.3814961600004,823.9134206910004,868.6485526999995
9,26,18.0,701.2763538218891,137.93812769511834,357.69424581399977,507.82808071700026,631.2830198219999,667.7987674700006,674.4868971017002,725.6769789600002,756.4500504500005,766.7239991860006,771.8683883659402,779.8458604229999,806.4886358000005,817.0052169310004,861.3924296999995
9,27,18.0,701.1024408052223,138.88691107014358,348.1044053139998,506.8067206470003,633.0013289819999,666.8035405000005,673.2692242630003,721.0247093600003,755.5053753500006,766.5478540460006,776.0028258379402,783.7580141229998,807.2417814000004,817.1080315710003,861.8783076999995
9,28,18.0,698.4899882363337,137.1962726792419,339.9050504139998,517.5300267870002,633.120863782,667.6498443300006,669.9346982013003,711.9798145800003,749.3217757500006,763.2389412860005,779.5920927027403,783.962043883,796.7080395800006,806.7811703210002,872.4722526999996
9,29,18.0,694.3569451791113,133.4551283844364,338.5444961139998,525.4708592970003,630.4499106819999,663.0357961700001,663.6884785487005,706.2357679600003,740.0085071000005,753.6616343000005,778.987724565861,779.9136760170005,787.3748076200001,802.5428744200001,862.9748818999996
9,30,18.0,695.6331220535559,132.44024977107762,343.44415135399976,526.9171531170002,634.3238171019999,662.9370519000006,665.9333366310002,703.2743585200002,741.0682666500006,760.3119326000005,775.6014400686008,780.4003002700003,788.4046200180003,800.97274353,866.8745233999996
10,1,18.0,696.5743551091113,131.9432456866256,348.89628635399976,522.0728835470003,631.0582026019999,670.7573526300006,672.8818586763002,702.7442927000002,745.1111779000005,763.6963742400004,774.2223795404005,776.3696831800011,789.4760508920002,799.23641337,872.2853943999996
10,2,18.0,695.626000536889,128.30686556711677,354.58839505399976,525.0783005270002,631.3603714419999,677.16233364,677.8783505064005,698.2803685200004,745.6868059000005,764.3690793400004,773.1506589034005,776.173223030001,782.4620464120003,798.29523617,856.9450223999996
10,3,18.0,695.0164546091113,125.71844644549493,358.73511015399976,529.8248674070003,630.3203406019999,674.85660344,682.2764233244004,707.9454242800002,746.9816134000006,760.0238553000005,772.3297618810003,774.7179483500001,778.4605567720008,790.3370384300001,848.3860336999996
10,4,18.0,693.8956201996667,124.304224903525,360.8365505839997,531.8232840570004,634.5450353019999,672.8602582899998,680.3150079979005,704.3292422800004,737.6285743000005,758.8237437200004,769.9748213558001,770.6577595100002,778.1291103520008,793.2307442800001,847.0079196999997
10,5,18.0,694.486685174667,123.89830886365888,363.9741823339997,531.9271455570004,638.646029108,676.7579998699998,677.9978702897005,694.9558552000003,734.7939846000006,753.2573290800001,764.1875977396605,771.4887579270003,778.9018432000007,804.8944981800001,848.3038906999997
10,6,18.0,693.8252887063335,124.25668653346523,369.2469568039997,528.1391873870002,637.9242926079999,671.7008094699997,671.8390890697004,687.6026354400002,732.6909001000006,752.1464665600001,768.0078941514605,768.0217470370003,782.2733692200007,805.3722964000001,849.7095606999997
10,7,18.0,692.2062676657782,123.36761654945046,370.5399858739997,526.0630464170002,636.4842254419998,670.2780143300007,670.4612084873002,684.7912951000001,737.0267643000005,756.3622065840002,759.0278213098002,762.3223698100003,778.2544612600009,801.1928019200001,843.2270516999996
10,8,18.0,691.5642458813334,121.21486553362493,374.5861501739997,526.7638722770002,634.4734463419999,671.6252883300007,672.6513064473002,683.3264320440001,737.4958774500005,754.263498726,759.5296038077404,761.0249023330005,777.1998495800009,794.2800381200001,837.5705056999997
10,9,18.0,690.4270202313335,120.20832866763583,371.3239380739997,526.9850088270002,635.9489363419999,674.7327989300009,676.7619501233002,678.9473250440001,739.5224661500006,751.5361440600001,760.1155058504603,760.9540372870002,768.5815236000004,790.9704717100007,834.8186096999996
10,10,18.0,688.2255056124447,117.20775798146656,371.11508047399974,526.5883024970002,643.085154742,672.2248953960002,675.9192237651606,678.36273396,737.2550603500003,744.9043113400005,756.4740092302003,756.8528356900001,760.8619880120004,787.9989112900007,829.6779366999996
10,11,18.0,689.9494934263336,115.59519708784735,371.04517852399977,529.7402760670002,648.3923500539998,665.0631286440002,674.2295605652406,683.8907416,741.1959222500004,749.8361570400003,751.4915835064003,753.8440210800002,765.5564938120006,786.8915730600007,826.1447206999995
10,12,18.0,687.2749035335559,115.33221709971735,372.08974395399974,524.4454759570002,641.6899120539999,666.7373645960007,667.9942744145604,689.053288932,731.3479383500003,742.9380458800001,753.3436691004601,753.7939434870003,764.6736671200006,786.7352997700007,822.8863546999995
10,13,18.0,685.9024946868891,115.7692535368065,370.2470735539997,520.9407967990002,637.3390554539999,662.5008507960008,668.0731027665604,688.4876383319998,726.2782880500004,743.2492535600002,752.7134695690002,759.2924762500003,769.7905068920005,781.9232859400006,816.3809406999995
10,14,18.0,684.9411857313336,116.61282318611666,366.08243425399974,518.725587481,634.8083595339999,661.8457169460006,668.5774338990605,687.9621196119999,725.6176602500004,751.8109185200001,756.4097989984002,759.8751674800005,765.3361263580003,780.8262271900005,810.6688647999996
10,15,18.0,681.8635288402224,116.93517857662178,362.3935570139997,516.7965523710001,632.3430344139999,656.4616395160007,661.2131441107604,691.7206794719999,719.1149455500005,752.9983447600004,757.7003682504005,758.4644340800004,762.2014566780006,774.2374952300001,804.0119447999996
10,16,18.0,679.2383188680001,115.88742281850993,359.18312061399973,519.784949961,630.5688411180001,650.1689361720001,658.4021095195203,691.0147485719999,713.2119732500005,742.2334590000008,751.8101147498003,755.5245340100004,760.0318941320005,776.41195275,799.8592623999998
10,17,18.0,677.0327457241114,115.39077599046006,355.96713392399977,521.265255971,629.7173269180001,652.9061308220003,660.9400209810203,682.073657252,706.2709944000005,739.7178703400008,751.9530777586602,753.4324713770003,761.4715382800007,771.87628184,798.9871873999998
10,18,18.0,675.0437683916111,116.19809220356152,352.18997423899975,520.089667491,622.8300162380002,658.7884046760001,667.2280400709599,673.7281245080003,701.3952315000005,734.1727656200007,752.2103939110604,759.9409755570003,765.4141951400004,772.2315859300004,795.1416293999998
10,19,18.0,673.2888275910558,117.47181157257697,347.32351559899973,511.7065719710001,619.9062599580002,659.4334260360004,668.1528958605604,675.5130434199999,702.6068473300006,734.0900689240003,751.7668119640604,755.8873134070003,765.6285264000005,772.78160097,787.8091157999997
10,20,18.0,670.368858659389,120.17186920240094,338.13495472899973,503.7684060710001,610.9280301780002,649.7561087060003,661.2240839792605,675.8612618399999,705.3264392800006,733.1849538640004,750.9356144952603,754.3129117470004,763.4407665400001,774.8638943100007,781.2595450999997
10,21,18.0,668.3543415410559,122.06119179754411,324.89098565899974,502.1671855190002,611.6455191780003,641.6011659560003,656.6913681617605,677.6439752999999,709.6537594650003,733.1775728800008,745.6021121040604,750.9362517070005,764.1343373400002,771.9262072100003,776.8109485000004
10,22,18.0,665.7817379299446,127.0850254008939,302.59004665899977,495.09036586900015,603.6098606580002,640.5808550260003,657.1750913314604,681.3020876199998,714.4263629650004,734.1869891600006,741.3723038830002,749.8157287499998,758.2472112520006,774.2242893600004,777.7923747999997
10,23,18.0,663.6808983132782,128.8399219834715,287.6262818589998,489.7413719490002,605.3467443580003,646.0927904660002,664.1631683438604,685.3643860599998,718.8271264650004,733.0809303800005,735.0629106814606,736.3894680370004,748.7119542400003,771.8548454099999,776.9144784000005
10,24,18.0,662.1984600799447,130.81920405212037,271.17636185899977,494.1704072790002,606.9760146580002,641.7967598560002,663.3191367337604,695.4363321599998,714.2959490000004,732.5721051240002,733.95417675306,734.7000682570002,746.0606888800007,766.73930028,779.6326955000003
10,25,18.0,658.9778088799447,130.88820996062663,266.5863875589998,500.8466737390002,602.0827363780003,632.8917221960003,661.4167773101605,695.7992252599997,712.6783953000004,731.8151025440004,733.9821437692007,735.1589567400007,739.5745703120001,754.1359745400002,783.0613681000003
10,26,18.0,656.2119266355002,132.94916493647509,258.92413355899976,493.4431626390002,598.746817514,632.8536925600008,662.7567370456006,695.7652323199998,709.6243314500005,720.5157996260004,730.0619536377404,735.3249249330006,742.8333693380002,754.2408642900003,777.1003158000003
10,27,18.0,654.0416472382781,132.59107114761622,270.5561105089998,488.61209981900015,589.483177034,632.0238379700008,666.5150137187006,694.7366696400006,703.12753155,712.4594841060004,727.8620238747401,731.7791559829999,747.5088276600006,756.9567916410002,776.0926510000004
10,28,18.0,653.1751701160556,131.71121444626152,276.44834020899975,490.91280954900026,585.006590374,633.1093990700008,665.0874900467006,688.3577109000005,697.72286575,711.4519539000003,727.52931248806,729.4040770070001,744.2730153400007,762.837712449,779.3401421000003
10,29,18.0,653.5129769866113,129.56787572608394,288.39557207899975,495.0715828090001,584.420117574,629.8790026500008,660.1781046645007,682.9704301000006,696.5641915000001,712.5933764000004,727.0105263146604,732.102332077,742.0372497000004,762.9645982490001,789.1156751000003
10,30,18.0,654.4393135310559,127.02975877604138,299.7854756789998,499.8534001990002,583.587958634,631.7906343500007,656.6932047185006,682.9020406400006,696.0629342,715.5413213400004,722.2366836724602,728.331403187,742.5645413000004,763.5666977990002,790.0618496000003
10,31,18.0,652.2548493216112,124.50848379431645,309.46841060899976,501.90153463900015,577.342567934,639.7918568200007,657.4456405522006,674.2187882800006,694.6543972500006,711.5469929799997,719.6709476618004,722.88027931,740.2642195120004,758.2552259090002,787.5257930000004
11,1,18.0,653.029992527167,121.08136395651836,320.51886270899973,505.22620526900016,580.751342814,649.4980764000009,659.8190845590007,670.5696979800007,696.3858177000001,709.2530986600003,717.7376239804001,718.3111318800005,735.9264994920004,757.8258656090002,782.2439583000004
11,2,18.0,653.7448094771671,118.80088691902779,327.5211327089997,506.3786801690002,582.9864366760003,657.4366915600008,661.3721276536007,665.2322274000005,696.2917779500001,715.5725854000003,722.4588152026599,723.378561477,729.7683361200005,756.2611891700001,774.3053655300006
11,3,18.0,653.7945437771668,117.7641239646183,333.83957890899967,502.6149966390002,583.4951094940001,664.8008529700005,666.4255626577008,668.2949959000007,695.28461675,715.1614617060003,720.2831384543401,726.423028403,733.7430318200005,747.6230388800001,771.2600035300006
11,4,18.0,654.7325128549446,117.45652504567245,338.09272330899967,499.98213459900023,587.4814972940001,662.9264988100006,666.3954580741006,669.5642127400008,697.4396626,712.7404015460004,721.61446996994,726.319411223,735.5194651400006,748.1669833890002,770.8417579000004
11,5,18.0,654.0639487260557,118.01182017553977,342.05422438899967,493.7275669090003,580.904830894,664.6124463500005,666.5595250385005,668.8772263200009,702.4541068000001,710.4185935860003,720.67671778694,722.025587873,730.6705122800001,748.5300539590006,776.6584079000004
11,6,18.0,655.9195158149446,116.49350944945925,353.32027831899967,492.37473846900025,583.525625694,662.7545044100005,668.8692860951005,673.8006174000009,701.0493028000001,709.1085034800003,719.9763178792,723.8850218399999,730.8237835600003,750.8497653590007,781.7915299000003
11,7,18.0,657.3535082827225,114.27652561154879,366.92801343899964,487.45173587900024,586.366108834,669.2140677400008,669.6534353104006,681.8543075800005,699.77041005,711.5847624800006,718.5470358862001,719.76661999,729.1238427800006,747.4494499590002,781.9579719000004
11,8,18.0,657.6243118977224,115.09927937036565,375.33262820899967,483.6551206690003,576.567964874,663.6447248300005,666.9758717513008,684.9974666400007,699.9744744,718.1762550400003,719.1653528162003,719.4832944900006,727.9742358200003,754.60485684,784.9605270300004
11,9,18.0,658.5438274160558,114.09665219863037,378.1334586389996,485.5800279490003,575.6580845540001,657.4952268600005,667.3176712896008,689.1146400600007,699.8052319,718.7211120400004,721.5186140202004,723.9919072900007,728.4559456600005,758.5096352200001,781.9284150300005
11,10,18.0,660.2626758605004,115.38797246255822,383.0001232389996,486.17510179900034,570.173343874,661.9745589200005,667.4063540162008,683.3254992600006,704.9533348999998,711.9011650000006,721.3069379294005,726.8156436300002,735.4949161400006,766.52936804,790.3302320300004
11,11,18.0,661.7687501343892,116.36826060740857,383.9144810689996,487.13698342900034,565.385302354,660.8842117300005,664.8960120973007,684.8441517400006,706.0169005,727.4516947600002,729.3988468622003,730.1356321900007,739.3797316600005,772.291724949,781.8730575000003
11,12,18.0,663.4084006538337,116.42128320180757,385.16659053899957,491.9239874050003,564.796674034,658.3687098200005,659.2849009112008,680.9630907000005,710.4588242,728.6544927800004,738.8792174226005,738.8988886700002,747.0967185400004,766.0328750090001,783.6710915000003
11,13,18.0,664.9956442077225,116.79107527996976,385.60949883899957,498.8491719940003,560.598232194,653.1490582200006,656.3246930802007,680.7286069600005,712.3982296,733.4768147800003,739.2509907414006,740.4858465300007,753.2055083980003,766.5728307400001,790.4252598000003
11,14,18.0,667.471580302167,116.81732863519396,382.19684963899954,504.82158802400033,566.3764925940001,650.0236845400007,657.1434883564007,682.5484368200007,713.2656513000001,732.9533979600003,741.9253229778006,742.9643386100007,753.6831877920004,773.30097814,795.0209958000003
11,15,18.0,668.7973784027225,114.53250629577771,383.7517830989995,513.7977459440003,571.5528426840001,650.0841690800006,656.4935311358007,677.7060477000006,722.1244435500001,733.8889526060002,736.6370366065405,739.2555251930006,753.5729300600003,771.02439234,789.5374108000002
11,16,18.0,669.4736332138338,112.80371329775191,383.87586069899953,521.6834012340003,572.8767807240001,653.4795751600005,660.2704681546008,675.1641300600006,718.9197675500002,732.5404487000003,734.2235393490605,736.6695704570005,756.2547218600002,770.82426164,788.0565513000001
11,17,18.0,672.0023379416115,110.99617584190567,387.5338012989995,529.4958922140004,581.5138945640001,651.6743662300007,663.5403068473008,675.0869986800006,719.9321911000006,726.0345172799998,733.7432361240603,738.7725443070004,756.1454389400003,777.2794091200001,791.8514013000001
11,18,18.0,675.894041097167,111.466843983565,388.1343134989995,537.7745669440003,589.0886193840001,652.3962535100007,665.0323045211006,674.3164807000007,720.4697529000006,729.4646070399998,736.0914512246004,744.6473102700006,759.7099162720003,787.6047286100002,797.6884585000003
11,19,18.0,677.1052075016113,112.29692909847034,384.2548482989995,538.8874824840004,594.221225052,654.5308249700008,664.8656588057008,676.6124489400006,715.7136374000006,731.0734298399998,741.3608692006003,743.0418274700006,764.0340243720002,788.5479877000001,804.5448432000002
11,20,18.0,678.811979637167,113.60746683178495,376.59483079899945,544.7734628820004,595.2322052080002,662.4265516000007,670.9132978900009,681.0147335600005,715.6560005500005,725.5735502799998,741.2135743254003,744.1875870300006,769.0699900720003,789.9263186500001,806.9419202000001
11,21,18.0,678.7956586393892,114.72513918510205,370.0285628589994,548.5359756180005,597.3601311680002,669.4932622900006,673.2380729959008,684.6382187200006,710.9139907000002,720.7043033200003,740.0229800966003,742.6824160700006,768.9266716720003,786.2988092500002,817.5163185000001
11,22,18.0,679.7763945188336,115.85567133516943,365.1418614589994,555.0144914190005,596.3916200680002,673.5384745800006,675.0585926058008,685.1816968400007,704.2069479500002,721.8139297400005,742.7906967458005,743.25864491,772.5686020920002,785.4784570000002,827.2975565000002
11,23,18.0,680.1081932577226,115.55303929421734,368.7068054589994,555.1900292250004,596.9083555800003,678.1742546800008,679.0786376188007,684.4631128800006,701.8949827500002,713.0137849000005,739.2457971744004,751.4310227800001,767.2277108780003,786.6738087700002,839.4196078000001
11,24,18.0,680.1870606777225,113.72679783270478,373.9750501989994,556.4511731250004,603.0160188480002,673.7040464900009,677.3955189989007,684.7304997000006,694.1782947500003,711.8830620400006,736.4895875666006,751.2866391700002,766.1435098780003,787.6545299700002,844.5063631000002
11,25,18.0,680.2810280193893,113.42304441915452,370.9027891989994,555.0964914950005,605.5691158480003,677.6998751000008,681.6782711150008,685.4105094000006,690.0437080000003,714.0559472400005,737.4808109526006,750.9540188700001,760.6628486720001,793.3601671200003,840.2364411000002
11,26,18.0,680.2933462643892,111.73442220343341,373.05018809899946,554.8410426250005,602.8015277720003,678.9833473800006,682.7956502568002,687.5490777000006,694.8737016000007,709.9322830200006,739.7458809312005,751.9238667400001,759.0397693920002,789.3162457800003,832.7062756000001
11,27,18.0,679.7500304477225,108.84083463824794,380.96046929899944,554.2395595150003,606.1881357720004,678.4285126999999,679.5336927980004,686.1733781800008,692.0972852500006,710.1033956600006,741.5787846512607,747.0105528470004,763.23700394,780.9519644300003,826.0103430000001
11,28,18.0,677.2878724349447,106.90393000762576,381.65235479899945,550.6222276850003,614.8125469320003,671.8479226800006,672.9000898488002,679.4504242800006,687.2744302850006,707.2502389400006,732.0265541786002,737.8335648700006,760.3033714520004,780.1817531700001,824.56064
11,29,18.0,676.5396980660558,105.1055959291595,390.08492179899946,548.8071973450003,622.1125144360002,666.7039887600006,667.6893008856002,668.9389281200005,684.4573676350005,704.6545652200004,729.8229444778003,734.0830385100005,756.4343055520003,786.18915042,818.009573
11,30,18.0,677.191562713278,103.75420340212463,393.7902950989995,549.3029828200004,636.5785046560003,661.3171260000006,661.6295614860002,664.9580489200006,683.9872893350005,698.2834024200006,731.7014679450003,735.1500023500006,756.5095617320004,780.4571923200001,827.2459150000001
12,1,18.0,678.1240430388339,100.96051979220144,403.2886411989995,550.3702201780004,648.3426250760003,659.8964394200005,662.5208255822007,664.7789444399999,682.4612133350004,699.7087481400005,731.1833923804002,738.5049924800005,750.3656087520004,778.10173528,831.8664056000001
12,2,18.0,675.1915896977225,99.42478721176856,399.25117119899954,550.2412850260004,653.0956601960006,659.4566599199999,660.4262514791998,666.9093489600006,677.0456477000005,692.6241653960004,724.0861733974002,729.8649461300005,743.2682408320004,773.73073835,831.6702605000002
12,3,18.0,673.6472342110559,97.89496491093277,402.45621399899954,547.2945242320002,650.7724289240007,661.4648101500002,663.6967012455,666.3582647399999,677.2763182000008,694.5679310360005,726.1554418438002,730.7327440100005,734.7075328780005,770.46482736,826.2179702000001
12,4,18.0,673.1959062747226,96.78274681794521,407.2732052449996,545.5829699420002,643.5238296600005,661.1522755440006,664.8250459622401,675.4304594799999,683.0318169500007,697.6700358560005,721.5400788190001,730.16695395,732.9983775920007,758.6923082799999,828.6419874000001
12,5,18.0,670.4504138886115,95.49733007603253,408.5335935449996,544.5245803170003,638.4910851040006,660.3562941900002,666.6068242988999,672.9811238799998,687.4809299500007,694.0465937960005,703.7363635180003,713.2815532000004,731.6519076920003,756.3905163899999,826.3683679000001
12,6,18.0,669.5166117530557,95.85644435991911,409.19854054499956,541.4907225190002,634.1293315040007,666.8612653300002,666.8948581783,675.8617412799999,688.7549440850007,691.9888381800005,696.6380473300003,704.8272756000006,736.3789519520003,756.6250221800001,825.7000364000002
12,7,18.0,668.3055352197224,96.24176346112543,409.6755779449996,538.6505843090002,625.9627406640006,669.37054927,671.9862772387002,679.7874107,689.6285792000008,692.4942481960005,696.1885038150003,699.7496528500006,730.7335743520002,755.94832096,827.0228856000002
12,8,18.0,668.3341674863891,98.30108170552627,404.98194274499957,537.0423611490002,619.2178574640006,675.0081047200001,678.6162414082,684.0884630599999,689.9296066500006,691.2197951960006,694.1244228076006,695.2944253200006,728.6892929720002,767.13892878,826.2137869000002
12,9,18.0,668.7234280741669,101.54902252099748,399.5980091449996,534.2130098910003,611.5028193760006,679.0802309200001,681.0693227302,685.7447707400005,689.9342782000006,691.4749493,695.3924861295405,698.1556981130005,733.4127588720003,771.83413465,828.0313112000001
12,10,18.0,670.988967496389,104.07795859664189,395.4854107449996,537.4817840710003,603.4945719440007,679.9375979499999,680.9973317184999,686.8439884000005,696.5293953000004,699.9961651740002,703.2090794144606,703.6652505570006,734.5151705720002,777.43708735,828.4402307000001
12,11,18.0,670.8785349186114,104.18791830612331,394.8832537449996,539.7527360010004,601.0009117240006,677.0517525,680.124056658,686.8924454200004,692.8526992000004,700.891078266,706.4293599166807,707.0051767760006,731.2770438200001,779.3783808500001,826.8455671000002
12,12,18.0,673.0776589219446,104.79126859882766,402.7122721449996,540.5462586190004,600.2797757640005,678.90649345,682.3028051215,685.7167247600005,692.6141718650003,696.7158901400003,703.1976787039407,712.0239691930005,733.2876099200001,788.2740075100002,827.7481811000001
12,13,18.0,674.3886831330557,104.66350856361257,395.66386914499964,550.0103258010002,603.0699092240006,677.9579152970008,682.7920150858703,686.8992239999999,689.6257631499999,695.2023681600006,707.9058882172006,715.1406521400005,740.3091541080001,789.3878325500001,823.252417
12,14,18.0,673.2406082152779,103.52567561911272,392.4536641449996,554.9165044770002,597.6328058840006,668.3872785770008,675.9598509466701,684.90972816,696.5788368,703.3998091600007,706.7586257212005,709.8492059400005,731.9300287220003,788.28355311,817.5244905000002
12,15,18.0,673.9919118819447,101.71223907816109,395.7316966449996,561.7230149770002,595.0876628640007,663.1053755070008,677.2146521639702,685.77149622,696.1473099,707.0785877600006,711.0027812252004,712.2473057400005,737.5410572220003,784.3757070300001,813.60762
12,16,18.0,676.0160453597225,100.24267895306427,408.5477132449996,565.1816043870002,589.7544002240006,659.4426629870007,672.5215508317704,686.6362864799999,697.7687544,712.5097169600007,717.8976129538004,719.9472084100004,741.6748302480001,786.4374753300001,812.4961129999999
12,17,18.0,678.0713939463892,98.90635376240114,415.89189974499965,568.6963964900006,591.9941236260004,655.8869677270008,674.1676256331704,688.8469819999998,695.8908276999999,717.5755326400003,723.9240664346006,725.3878683700005,744.7899590480001,786.5374232300001,810.8881216999999
12,18,18.0,680.1453029386114,97.97970486525922,430.97556094499964,561.7856492900005,596.6099838020004,656.3245871270008,674.2933705471703,688.0737599999999,696.7275509,716.3468095940004,733.0682579998606,733.9163886870004,750.2779639400003,785.6106106100001,811.8420887
12,19,18.0,682.3323490186115,98.1615917126433,440.77705864499967,553.4809516900006,603.0572024860004,675.4637893170009,684.7476278960704,691.45934592,694.27592375,707.1365160340004,735.5552472814607,742.5580912070004,755.5885518600003,790.6662218700001,808.6892167
12,20,18.0,685.480765389167,99.09733189425482,448.03650131499967,556.3493131000006,602.4007802060003,682.3119496770008,685.1488680356704,688.6868007999999,694.2864169,705.9897953940003,746.7585095156606,750.2809501970006,760.3123404200003,796.50121229,815.4351854000001
12,21,18.0,686.7071632025003,98.33450953533664,456.74297435499966,556.4162165400005,608.1993836860003,684.3777276670007,684.4799168295704,685.6248146200003,687.4761500999999,704.8840726340001,750.2887752328606,753.4514355370004,760.7840816000003,803.0374951899998,819.0559265000002
12,22,18.0,686.6907757513892,97.35440321729212,466.5320842349997,557.4786172900004,605.7309124860002,679.7044069670006,682.4334129925703,687.08633534,688.2999922500001,702.1136698800001,741.6927197999405,747.6761276930006,767.2980528200003,799.7150871899998,824.9790795000002
12,23,18.0,688.2864962069447,96.47743438388167,480.28486583499966,555.3670408800004,605.0442127060003,678.472935383,680.6679156686305,684.8833130660004,692.89537595,711.37265628,743.1091719639405,744.4282134930006,777.5093009200002,793.2492955399998,826.6569905000002
12,24,18.0,689.5734280530557,94.32477606557907,497.72857406499963,557.7254387900005,606.6377874660003,675.4899240870008,676.3117293797702,681.9286771800002,698.1848739,713.5749040340002,735.4501741528607,742.6924509370006,781.6912178800003,787.8206884699999,829.3017592000002
12,25,18.0,691.2496291975003,94.14416666843522,503.8913245649996,560.8086072700003,605.4677902660003,673.893972153,676.0908894033305,685.9830203060004,699.3061304,715.5840854940003,731.6651559002607,746.2612987670005,785.5251194000004,789.7164011499998,829.5992182000002
12,26,18.0,692.7982610419446,94.30891462959542,515.7493750649996,554.478598849,603.6873106240005,677.943230953,682.0472160913306,686.6172591860004,707.34140735,720.8787362140004,731.3217086390607,749.7573352270006,786.2472305599999,791.90238982,823.4051817000002
12,27,18.0,695.1907872052781,94.42593282601824,524.9485949649996,549.4053544589999,599.2540060640006,679.1271911099999,688.1530881891001,706.5904209400003,714.5962556850004,720.3400873560006,740.4048474018002,754.9533079100004,784.4013252599999,794.08322844,811.3855751000001
12,28,18.0,701.2820713625003,97.0639213805815,527.9471075400003,549.1670441864999,599.4074023840005,679.8478770199998,691.7796189542001,713.3923868160007,719.0478263,736.3241322600007,752.4198888286003,766.5205203700004,783.2084077399999,812.81469583,816.0541589000001
12,29,18.0,704.1807489958336,97.87579933440665,533.5352067400003,546.6993855364999,604.4203719840004,678.7246083699998,693.5555581927001,708.4785898160007,716.9473061000001,754.0663119600003,764.0731256074007,773.0219711300001,781.6780168600001,816.7995658,821.3181180000006
12,30,18.0,706.9803939069445,98.1345613262602,539.5445363400003,547.9475737364999,608.4428510840005,680.2332618699998,689.9795909977001,700.3671969599999,718.8126383850006,764.4390413800003,772.5744136998005,776.0638320099999,790.2071928400002,816.2592173700003,823.2395782999997
12,31,18.0,711.4820886958336,97.69546429433346,550.8081314649995,553.6836474690001,609.9973567840004,683.9228461899999,691.0989948828999,701.1758118000001,722.2005961350006,767.1279274600001,776.1876533982003,780.2568618900009,806.9081040400001,814.7509810700003,823.8094777999997
